outcome	dropped	n	n_in_clade	lambda	effect_log	se	pct_effect	p
rel_log_life_expectancy	none	218	101	0.3986	-0.3654	0.1201	-30.61	0.002642
rel_log_max_longevity	none	171	75	0.4085	-0.2569	0.1231	-22.65	0.03846
rel_log_max_longevity_ssadj	none	152	65	0.1911	-0.1963	0.0894	-17.82	0.02965
rel_log_life_expectancy	Loriini	175	58	0.2498	-0.3891	0.1026	-32.23	0.000205
rel_log_life_expectancy	Platycercini + Pezoporini	195	78	0.3159	-0.3296	0.1192	-28.08	0.006243
rel_log_life_expectancy	Psittaculini	198	81	0.6608	-0.3947	0.16	-32.61	0.01445
rel_log_life_expectancy	Agapornis + Loriculus	208	91	0.4067	-0.424	0.1264	-34.56	0.0009484
rel_log_life_expectancy	Cyclopsittini	214	97	0.1005	-0.3368	0.06901	-28.59	2.086e-06
rel_log_life_expectancy	Melopsittacus	217	100	0.3969	-0.3639	0.12	-30.51	0.002732
