longer_lived	shorter_lived	divergence_myr	delta_rel_logLE	delta_rel_logMaxL	tiers	same_sign_maxL
Coracopsis nigra	Psittrichas fulgidus	35.1	0.842	0.642	C_short_read_ge20x | C_short_read_ge20x	True
Cacatua sanguinea	Cacatua haematuropygia	11.6	0.768	0.955	C_short_read_ge20x | C_short_read_ge20x	True
Psittacula derbiana	Psittacula longicauda	2.27	0.583		C_short_read_ge20x | C_short_read_ge20x	
Eos histrio	Eos cyanogenia	1.88	0.459	-0.23	C_short_read_ge20x | C_short_read_ge20x	False
Pyrrhura leucotis	Pyrrhura griseipectus	0.467	0.417	0.0535	C_short_read_ge20x | C_short_read_ge20x	True
Cyanoramphus novaezelandiae	Lathamus discolor	10.4	0.36		C_short_read_ge20x | A_chromosome_scale	
Amazona finschi	Amazona guildingii	9.29	0.331	0.185	C_short_read_ge20x | C_short_read_ge20x	True
Poicephalus senegalus	Poicephalus gulielmi	21.8	0.318	0.81	C_short_read_ge20x | C_short_read_ge20x	True
Cacatua alba	Cacatua moluccensis	0.83	0.299	-0.777	C_short_read_ge20x | C_short_read_ge20x	False
Zanda funerea	Nymphicus hollandicus	25.2	0.295	-0.453	C_short_read_ge20x | B_long_read_ge15x	False
Lorius lory	Lorius garrulus	3.94	0.281	-0.365	C_short_read_ge20x | C_short_read_ge20x	False
Brotogeris cyanoptera	Brotogeris pyrrhoptera	13.5	0.251		C_short_read_ge20x | C_short_read_ge20x	
Agapornis fischeri	Agapornis personatus	0.132	0.248		B_long_read_ge15x | B_long_read_ge15x	
Ara macao	Ara chloropterus	4.65	0.227	-0.368	C_short_read_ge20x | C_short_read_ge20x	False
Brotogeris versicolurus	Brotogeris tirica	24.1	0.221	-0.047	C_short_read_ge20x | C_short_read_ge20x	False
Primolius auricollis	Primolius couloni	7.97	0.186		C_short_read_ge20x | C_short_read_ge20x	
Psilopsiagon aurifrons	Psilopsiagon aymara	5.26	0.172		C_short_read_ge20x | C_short_read_ge20x	
Trichoglossus chlorolepidotus	Trichoglossus haematodus	1.47	0.171		C_short_read_ge20x | C_short_read_ge20x	
Psittacara acuticaudatus	Diopsittaca nobilis	2.75	0.156	0.278	C_short_read_ge20x | C_short_read_ge20x	True
Forpus passerinus	Forpus coelestis	20.9	0.152	0.2	C_short_read_ge20x | C_short_read_ge20x	True
Neopsephotus bourkii	Neophema chrysogaster	7.25	0.145		C_short_read_ge20x | B_long_read_ge15x	
Psittacus erithacus	Psittacus timneh	12.1	0.12		C_short_read_ge20x | B_long_read_ge15x	
Agapornis lilianae	Agapornis nigrigenis	0.132	0.11		B_long_read_ge15x | B_long_read_ge15x	
Aratinga auricapillus	Aratinga jandaya	7.86	0.0948		C_short_read_ge20x | C_short_read_ge20x	
Cacatua galerita	Cacatua sulphurea	1.25	0.0605	-0.0305	C_short_read_ge20x | C_short_read_ge20x	False
Pionites melanocephalus	Pionites leucogaster	0.972	0.0502	-0.136	C_short_read_ge20x | C_short_read_ge20x	False
Psittacara holochlorus	Psittacara wagleri	2.19	0.0469		C_short_read_ge20x | C_short_read_ge20x	
Eupsittula nana	Eupsittula pertinax	4.78	0.0454		C_short_read_ge20x | C_short_read_ge20x	
Platycercus adscitus	Psephotus haematonotus	11.9	0.00657		C_short_read_ge20x | C_short_read_ge20x	
