node	is_tip	label	clade_key	age_myr	n_desc_tips	genera	est_rel_logLE	se	parent_est	branch_change	branch_length_myr
0	False	node0	218|Agapornis_canus|Zanda_funerea	46.8	218	71 genera	-0.006744	0.3422			0
1	False	node1	216|Agapornis_canus|Zanda_funerea	40.76	216	70 genera	0.02113	0.2301	-0.006744	0.02787	6.042
2	False	node2	202|Agapornis_canus|Vini_peruviana	38.82	202	64 genera	0.001502	0.2038	0.02113	-0.01963	1.943
3	False	node3	104|Agapornis_canus|Vini_peruviana	37.48	104	37 genera	-0.03135	0.1963	0.001502	-0.03285	1.34
4	False	node4	101|Agapornis_canus|Vini_peruviana	36.14	101	35 genera	-0.0772	0.195	-0.03135	-0.04585	1.34
5	False	node5	81|Agapornis_canus|Vini_peruviana	35.4	81	28 genera	-0.1012	0.1958	-0.0772	-0.02402	0.7358
6	False	node6	58|Agapornis_canus|Vini_peruviana	32.03	58	17 genera	-0.1665	0.2023	-0.1012	-0.06526	3.374
7	False	node7	48|Chalcopsitta_atra|Vini_peruviana	30.86	48	15 genera	-0.2105	0.2089	-0.1665	-0.04397	1.167
8	False	node8	44|Chalcopsitta_atra|Vini_peruviana	9.75	44	13 genera	-0.1248	0.1622	-0.2105	0.08562	21.11
9	True	Melopsittacus_undulatus	1|Melopsittacus_undulatus|Melopsittacus_undulatus	3e-06	1	Melopsittacus	-0.2882	1.452e-07	-0.1248	-0.1634	9.75
10	False	node10	43|Chalcopsitta_atra|Vini_peruviana	8.926	43	12 genera	-0.1077	0.1396	-0.1248	0.01715	0.8241
11	True	Pseudeos_fuscata	1|Pseudeos_fuscata|Pseudeos_fuscata	3e-06	1	Pseudeos	-0.06847	1.597e-07	-0.1077	0.03921	8.926
12	False	node12	42|Chalcopsitta_atra|Vini_peruviana	8.102	42	11 genera	-0.09415	0.1167	-0.1077	0.01353	0.8241
13	True	Oreopsittacus_arfaki	1|Oreopsittacus_arfaki|Oreopsittacus_arfaki	3e-06	1	Oreopsittacus	0.3794	1.001e-07	-0.09415	0.4736	8.102
14	False	node14	41|Chalcopsitta_atra|Vini_peruviana	7.659	41	10 genera	-0.1128	0.1022	-0.09415	-0.01863	0.4432
15	False	node15	8|Charmosyna_josefinae|Vini_peruviana	7.141	8	Charmosyna;Phigys;Vini	-0.1612	0.1017	-0.1128	-0.04844	0.518
16	True	Charmosyna_josefinae	1|Charmosyna_josefinae|Charmosyna_josefinae	3e-06	1	Charmosyna	-0.2534	1.228e-07	-0.1612	-0.09221	7.141
17	True	Charmosyna_stellae	1|Charmosyna_stellae|Charmosyna_stellae	3e-06	1	Charmosyna	-0.6898	1.375e-07	-0.1612	-0.5286	7.141
18	False	node18	6|Charmosyna_papou|Vini_peruviana	6.623	6	Charmosyna;Phigys;Vini	-0.1646	0.1031	-0.1612	-0.003405	0.518
19	True	Charmosyna_placentis	1|Charmosyna_placentis|Charmosyna_placentis	3e-06	1	Charmosyna	-0.1143	1.141e-07	-0.1646	0.05035	6.623
20	False	node20	5|Charmosyna_papou|Vini_peruviana	6.473	5	Charmosyna;Phigys;Vini	-0.1667	0.1034	-0.1646	-0.00212	0.1495
21	True	Charmosyna_papou	1|Charmosyna_papou|Charmosyna_papou	3e-06	1	Charmosyna	-0.1772	1.08e-07	-0.1667	-0.01049	6.473
22	False	node22	4|Charmosyna_pulchella|Vini_peruviana	6.323	4	Charmosyna;Phigys;Vini	-0.1686	0.1051	-0.1667	-0.001878	0.1495
23	True	Charmosyna_pulchella	1|Charmosyna_pulchella|Charmosyna_pulchella	3e-06	1	Charmosyna	-0.6736	8.564e-08	-0.1686	-0.505	6.323
24	False	node24	3|Phigys_solitarius|Vini_peruviana	6.024	3	Phigys;Vini	-0.1485	0.1104	-0.1686	0.02013	0.2991
25	True	Phigys_solitarius	1|Phigys_solitarius|Phigys_solitarius	3e-06	1	Phigys	0.234	7.606e-08	-0.1485	0.3825	6.024
26	False	node26	2|Vini_australis|Vini_peruviana	5.875	2	Vini	-0.1479	0.1145	-0.1485	0.0005694	0.1495
27	True	Vini_australis	1|Vini_australis|Vini_australis	3e-06	1	Vini	0.1906	9.034e-08	-0.1479	0.3386	5.875
28	True	Vini_peruviana	1|Vini_peruviana|Vini_peruviana	3e-06	1	Vini	-0.4641	9.034e-08	-0.1479	-0.3162	5.875
29	False	node29	33|Chalcopsitta_atra|Trichoglossus_weberi	7.215	33	7 genera	-0.08997	0.1053	-0.1128	0.02281	0.4432
30	False	node30	31|Chalcopsitta_atra|Trichoglossus_weberi	5.92	31	Chalcopsitta;Eos;Glossopsitta;Lorius;Psitteuteles;Trichoglossus	-0.07505	0.1038	-0.08997	0.01491	1.296
31	False	node31	7|Glossopsitta_concinna|Lorius_lory	5.067	7	Glossopsitta;Lorius	-0.0673	0.09899	-0.07505	0.007748	0.8524
32	False	node32	4|Lorius_chlorocercus|Lorius_lory	4.503	4	Lorius	-0.03803	0.1033	-0.0673	0.02927	0.5641
33	True	Lorius_chlorocercus	1|Lorius_chlorocercus|Lorius_chlorocercus	3e-06	1	Lorius	0.2117	1.448e-07	-0.03803	0.2497	4.503
34	False	node34	3|Lorius_domicella|Lorius_lory	3.939	3	Lorius	-0.04004	0.1057	-0.03803	-0.002009	0.5641
35	True	Lorius_lory	1|Lorius_lory|Lorius_lory	3e-06	1	Lorius	0.08234	1.386e-07	-0.04004	0.1224	3.939
36	False	node36	2|Lorius_domicella|Lorius_garrulus	3.663	2	Lorius	-0.04959	0.1092	-0.04004	-0.00955	0.2758
37	True	Lorius_garrulus	1|Lorius_garrulus|Lorius_garrulus	3e-06	1	Lorius	-0.1992	1.382e-07	-0.04959	-0.1496	3.663
38	True	Lorius_domicella	1|Lorius_domicella|Lorius_domicella	3e-06	1	Lorius	-0.02686	1.265e-07	-0.04959	0.02273	3.663
39	False	node39	3|Glossopsitta_concinna|Glossopsitta_pusilla	4.641	3	Glossopsitta	-0.08555	0.1053	-0.0673	-0.01824	0.4262
40	True	Glossopsitta_concinna	1|Glossopsitta_concinna|Glossopsitta_concinna	3e-06	1	Glossopsitta	0.0296	6.665e-08	-0.08555	0.1151	4.641
41	False	node41	2|Glossopsitta_porphyrocephala|Glossopsitta_pusilla	4.215	2	Glossopsitta	-0.1144	0.1133	-0.08555	-0.02882	0.4262
42	True	Glossopsitta_porphyrocephala	1|Glossopsitta_porphyrocephala|Glossopsitta_porphyrocephala	3e-06	1	Glossopsitta	-0.4664	9.696e-08	-0.1144	-0.3521	4.215
43	True	Glossopsitta_pusilla	1|Glossopsitta_pusilla|Glossopsitta_pusilla	3e-06	1	Glossopsitta	-0.0473	9.696e-08	-0.1144	0.06707	4.215
44	False	node44	24|Chalcopsitta_atra|Trichoglossus_weberi	4.072	24	Chalcopsitta;Eos;Psitteuteles;Trichoglossus	-0.07058	0.08997	-0.07505	0.004475	1.847
45	True	Psitteuteles_versicolor	1|Psitteuteles_versicolor|Psitteuteles_versicolor	3e-06	1	Psitteuteles	-0.3547	1.679e-07	-0.07058	-0.2841	4.072
46	False	node46	23|Chalcopsitta_atra|Trichoglossus_weberi	4.001	23	Chalcopsitta;Eos;Psitteuteles;Trichoglossus	-0.06543	0.0878	-0.07058	0.00515	0.07133
47	True	Chalcopsitta_duivenbodei	1|Chalcopsitta_duivenbodei|Chalcopsitta_duivenbodei	2e-06	1	Chalcopsitta	-0.1131	1.888e-07	-0.06543	-0.04768	4.001
48	False	node48	22|Chalcopsitta_atra|Trichoglossus_weberi	3.93	22	Chalcopsitta;Eos;Psitteuteles;Trichoglossus	-0.05943	0.08682	-0.06543	0.006	0.07133
49	False	node49	20|Chalcopsitta_cardinalis|Trichoglossus_weberi	3.787	20	Chalcopsitta;Eos;Psitteuteles;Trichoglossus	-0.05553	0.08926	-0.05943	0.003895	0.1427
50	True	Chalcopsitta_cardinalis	1|Chalcopsitta_cardinalis|Chalcopsitta_cardinalis	2e-06	1	Chalcopsitta	0.1507	8.976e-08	-0.05553	0.2062	3.787
51	False	node51	19|Eos_bornea|Trichoglossus_weberi	2.075	19	Eos;Psitteuteles;Trichoglossus	-0.102	0.05464	-0.05553	-0.04648	1.712
52	True	Psitteuteles_goldiei	1|Psitteuteles_goldiei|Psitteuteles_goldiei	2e-06	1	Psitteuteles	-0.159	2.061e-07	-0.102	-0.05701	2.075
53	False	node53	18|Eos_bornea|Trichoglossus_weberi	2.012	18	Eos;Psitteuteles;Trichoglossus	-0.102	0.04854	-0.102	2.016e-05	0.06344
54	False	node54	5|Eos_bornea|Eos_squamata	1.98	5	Eos	-0.1101	0.04973	-0.102	-0.008153	0.03172
55	True	Eos_squamata	1|Eos_squamata|Eos_squamata	1e-06	1	Eos	-0.3695	1.755e-07	-0.1101	-0.2594	1.98
56	False	node56	4|Eos_bornea|Eos_reticulata	1.948	4	Eos	-0.1141	0.05129	-0.1101	-0.003997	0.03172
57	True	Eos_reticulata	1|Eos_reticulata|Eos_reticulata	1e-06	1	Eos	-0.06671	1.824e-07	-0.1141	0.04744	1.948
58	False	node58	3|Eos_bornea|Eos_histrio	1.885	3	Eos	-0.1237	0.05494	-0.1141	-0.00954	0.06344
59	True	Eos_cyanogenia	1|Eos_cyanogenia|Eos_cyanogenia	1e-06	1	Eos	-0.5542	1.787e-07	-0.1237	-0.4305	1.885
60	False	node60	2|Eos_bornea|Eos_histrio	1.821	2	Eos	-0.1187	0.05916	-0.1237	0.00495	0.06344
61	True	Eos_histrio	1|Eos_histrio|Eos_histrio	0	1	Eos	-0.09589	1.838e-07	-0.1187	0.02284	1.821
62	True	Eos_bornea	1|Eos_bornea|Eos_bornea	0	1	Eos	0.0005541	1.746e-07	-0.1187	0.1193	1.821
63	False	node63	13|Psitteuteles_iris|Trichoglossus_weberi	1.876	13	Psitteuteles;Trichoglossus	-0.06703	0.04346	-0.102	0.03497	0.1359
64	True	Trichoglossus_forsteni	1|Trichoglossus_forsteni|Trichoglossus_forsteni	1e-06	1	Trichoglossus	-0.05654	1.812e-07	-0.06703	0.01049	1.876
65	True	Trichoglossus_johnstoniae	1|Trichoglossus_johnstoniae|Trichoglossus_johnstoniae	1e-06	1	Trichoglossus	0.07662	1.685e-07	-0.06703	0.1436	1.876
66	True	Trichoglossus_rosenbergii	1|Trichoglossus_rosenbergii|Trichoglossus_rosenbergii	1e-06	1	Trichoglossus	0.02048	1.781e-07	-0.06703	0.08751	1.876
67	True	Trichoglossus_weberi	1|Trichoglossus_weberi|Trichoglossus_weberi	1e-06	1	Trichoglossus	0.04722	1.682e-07	-0.06703	0.1142	1.876
68	True	Trichoglossus_moluccanus	1|Trichoglossus_moluccanus|Trichoglossus_moluccanus	1e-06	1	Trichoglossus	-0.08667	1.685e-07	-0.06703	-0.01964	1.876
69	True	Trichoglossus_euteles	1|Trichoglossus_euteles|Trichoglossus_euteles	1e-06	1	Trichoglossus	-0.09209	1.871e-07	-0.06703	-0.02507	1.876
70	True	Trichoglossus_capistratus	1|Trichoglossus_capistratus|Trichoglossus_capistratus	1e-06	1	Trichoglossus	0.06983	1.685e-07	-0.06703	0.1369	1.876
71	False	node71	6|Psitteuteles_iris|Trichoglossus_rubritorquis	1.74	6	Psitteuteles;Trichoglossus	-0.06451	0.0505	-0.06703	0.002515	0.1359
72	False	node72	3|Trichoglossus_chlorolepidotus|Trichoglossus_rubritorquis	1.468	3	Trichoglossus	-0.09731	0.06145	-0.06451	-0.0328	0.2718
73	True	Trichoglossus_chlorolepidotus	1|Trichoglossus_chlorolepidotus|Trichoglossus_chlorolepidotus	1e-06	1	Trichoglossus	-0.08347	1.591e-07	-0.09731	0.01384	1.468
74	False	node74	2|Trichoglossus_haematodus|Trichoglossus_rubritorquis	1.197	2	Trichoglossus	-0.1327	0.0671	-0.09731	-0.03536	0.2718
75	True	Trichoglossus_haematodus	1|Trichoglossus_haematodus|Trichoglossus_haematodus	1e-06	1	Trichoglossus	-0.2555	1.86e-07	-0.1327	-0.1228	1.197
76	True	Trichoglossus_rubritorquis	1|Trichoglossus_rubritorquis|Trichoglossus_rubritorquis	1e-06	1	Trichoglossus	-0.1656	2.03e-07	-0.1327	-0.03293	1.197
77	False	node77	3|Psitteuteles_iris|Trichoglossus_ornatus	1.463	3	Psitteuteles;Trichoglossus	-0.02594	0.06159	-0.06451	0.03857	0.2771
78	True	Psitteuteles_iris	1|Psitteuteles_iris|Psitteuteles_iris	1e-06	1	Psitteuteles	0.2776	1.511e-07	-0.02594	0.3035	1.463
79	False	node79	2|Trichoglossus_flavoviridis|Trichoglossus_ornatus	1.186	2	Trichoglossus	-0.04484	0.06713	-0.02594	-0.01891	0.2771
80	True	Trichoglossus_flavoviridis	1|Trichoglossus_flavoviridis|Trichoglossus_flavoviridis	1e-06	1	Trichoglossus	-0.08196	1.548e-07	-0.04484	-0.03711	1.186
81	True	Trichoglossus_ornatus	1|Trichoglossus_ornatus|Trichoglossus_ornatus	1e-06	1	Trichoglossus	-0.08865	1.548e-07	-0.04484	-0.0438	1.186
82	False	node82	2|Chalcopsitta_atra|Chalcopsitta_scintillata	3.459	2	Chalcopsitta	-0.03267	0.1002	-0.05943	0.02676	0.471
83	True	Chalcopsitta_atra	1|Chalcopsitta_atra|Chalcopsitta_atra	2e-06	1	Chalcopsitta	-0.1004	1.367e-07	-0.03267	-0.06778	3.459
84	True	Chalcopsitta_scintillata	1|Chalcopsitta_scintillata|Chalcopsitta_scintillata	2e-06	1	Chalcopsitta	0.2316	1.306e-07	-0.03267	0.2643	3.459
85	False	node85	2|Neopsittacus_musschenbroekii|Neopsittacus_pullicauda	6.772	2	Neopsittacus	-0.07225	0.1199	-0.08997	0.01771	0.4432
86	True	Neopsittacus_musschenbroekii	1|Neopsittacus_musschenbroekii|Neopsittacus_musschenbroekii	3e-06	1	Neopsittacus	-0.03259	1.118e-07	-0.07225	0.03966	6.772
87	True	Neopsittacus_pullicauda	1|Neopsittacus_pullicauda|Neopsittacus_pullicauda	3e-06	1	Neopsittacus	0.1587	1.118e-07	-0.07225	0.231	6.772
88	False	node88	4|Cyclopsitta_diophthalma|Psittaculirostris_salvadorii	29.69	4	Cyclopsitta;Psittaculirostris	-0.2592	0.2183	-0.2105	-0.0487	1.167
89	False	node89	3|Psittaculirostris_desmarestii|Psittaculirostris_salvadorii	29.11	3	Psittaculirostris	-0.2856	0.2247	-0.2592	-0.0264	0.5834
90	True	Psittaculirostris_salvadorii	1|Psittaculirostris_salvadorii|Psittaculirostris_salvadorii	3e-06	1	Psittaculirostris	-0.2603	1.757e-07	-0.2856	0.02524	29.11
91	False	node91	2|Psittaculirostris_desmarestii|Psittaculirostris_edwardsii	28.53	2	Psittaculirostris	-0.3125	0.2339	-0.2856	-0.02691	0.5834
92	True	Psittaculirostris_edwardsii	1|Psittaculirostris_edwardsii|Psittaculirostris_edwardsii	3e-06	1	Psittaculirostris	-0.5132	1.749e-07	-0.3125	-0.2007	28.53
93	True	Psittaculirostris_desmarestii	1|Psittaculirostris_desmarestii|Psittaculirostris_desmarestii	3e-06	1	Psittaculirostris	-1.428	1.737e-07	-0.3125	-1.115	28.53
94	True	Cyclopsitta_diophthalma	1|Cyclopsitta_diophthalma|Cyclopsitta_diophthalma	3e-06	1	Cyclopsitta	-0.1547	1.829e-07	-0.2592	0.1045	29.69
95	False	node95	10|Agapornis_canus|Loriculus_vernalis	26.58	10	Agapornis;Loriculus	-0.06664	0.2305	-0.1665	0.09984	5.442
96	False	node96	7|Agapornis_canus|Agapornis_taranta	24.64	7	Agapornis	-0.05968	0.2486	-0.06664	0.00696	1.942
97	True	Agapornis_taranta	1|Agapornis_taranta|Agapornis_taranta	3e-06	1	Agapornis	-0.02906	1.419e-07	-0.05968	0.03062	24.64
98	False	node98	6|Agapornis_canus|Agapornis_roseicollis	12.03	6	Agapornis	-0.03016	0.2552	-0.05968	0.02952	12.61
99	True	Agapornis_canus	1|Agapornis_canus|Agapornis_canus	3e-06	1	Agapornis	-0.04815	8.861e-08	-0.03016	-0.01799	12.03
100	False	node100	5|Agapornis_fischeri|Agapornis_roseicollis	0.3972	5	Agapornis	0.01448	0.04594	-0.03016	0.04464	11.64
101	True	Agapornis_roseicollis	1|Agapornis_roseicollis|Agapornis_roseicollis	3e-06	1	Agapornis	0.1935	1.746e-07	0.01448	0.179	0.3971
102	False	node102	4|Agapornis_fischeri|Agapornis_personatus	0.2648	4	Agapornis	-0.04466	0.03482	0.01448	-0.05914	0.1323
103	False	node103	2|Agapornis_lilianae|Agapornis_nigrigenis	0.1325	2	Agapornis	-0.08456	0.02787	-0.04466	-0.03991	0.1323
104	True	Agapornis_nigrigenis	1|Agapornis_nigrigenis|Agapornis_nigrigenis	3e-06	1	Agapornis	-0.1591	6.428e-08	-0.08456	-0.0745	0.1325
105	True	Agapornis_lilianae	1|Agapornis_lilianae|Agapornis_lilianae	3e-06	1	Agapornis	-0.05	2.397e-07	-0.08456	0.03457	0.1325
106	False	node106	2|Agapornis_fischeri|Agapornis_personatus	0.1325	2	Agapornis	-0.06389	0.02787	-0.04466	-0.01923	0.1323
107	True	Agapornis_personatus	1|Agapornis_personatus|Agapornis_personatus	3e-06	1	Agapornis	-0.197	0	-0.06389	-0.1331	0.1325
108	True	Agapornis_fischeri	1|Agapornis_fischeri|Agapornis_fischeri	3e-06	1	Agapornis	0.05001	0	-0.06389	0.1139	0.1325
109	False	node109	3|Loriculus_galgulus|Loriculus_vernalis	22.17	3	Loriculus	-0.00147	0.247	-0.06664	0.06517	4.415
110	True	Loriculus_vernalis	1|Loriculus_vernalis|Loriculus_vernalis	3e-06	1	Loriculus	0.3005	1.49e-07	-0.00147	0.3019	22.17
111	True	Loriculus_philippensis	1|Loriculus_philippensis|Loriculus_philippensis	3e-06	1	Loriculus	0.1936	1.61e-07	-0.00147	0.195	22.17
112	True	Loriculus_galgulus	1|Loriculus_galgulus|Loriculus_galgulus	3e-06	1	Loriculus	-0.1712	1.597e-07	-0.00147	-0.1698	22.17
113	False	node113	23|Barnardius_zonarius|Purpureicephalus_spurius	34.67	23	11 genera	-0.111	0.2111	-0.1012	-0.009786	0.7358
114	False	node114	17|Barnardius_zonarius|Purpureicephalus_spurius	14.02	17	9 genera	-0.2675	0.2088	-0.111	-0.1565	20.65
115	False	node115	6|Cyanoramphus_auriceps|Lathamus_discolor	10.44	6	Cyanoramphus;Eunymphicus;Lathamus	-0.3569	0.2098	-0.2675	-0.08947	3.577
116	True	Lathamus_discolor	1|Lathamus_discolor|Lathamus_discolor	3e-06	1	Lathamus	-0.6909	1.211e-07	-0.3569	-0.3339	10.44
117	False	node117	5|Cyanoramphus_auriceps|Eunymphicus_cornutus	2.377	5	Cyanoramphus;Eunymphicus	-0.3007	0.1014	-0.3569	0.05622	8.063
118	True	Eunymphicus_cornutus	1|Eunymphicus_cornutus|Eunymphicus_cornutus	3e-06	1	Eunymphicus	-0.01476	1.037e-07	-0.3007	0.286	2.377
119	False	node119	4|Cyanoramphus_auriceps|Cyanoramphus_unicolor	1.981	4	Cyanoramphus	-0.3456	0.0886	-0.3007	-0.0449	0.3961
120	True	Cyanoramphus_unicolor	1|Cyanoramphus_unicolor|Cyanoramphus_unicolor	4e-06	1	Cyanoramphus	-0.6238	1.123e-07	-0.3456	-0.2781	1.981
121	False	node121	3|Cyanoramphus_auriceps|Cyanoramphus_novaezelandiae	1.585	3	Cyanoramphus	-0.3349	0.08227	-0.3456	0.01073	0.3961
122	True	Cyanoramphus_novaezelandiae	1|Cyanoramphus_novaezelandiae|Cyanoramphus_novaezelandiae	4e-06	1	Cyanoramphus	-0.3308	1.163e-07	-0.3349	0.00409	1.585
123	False	node123	2|Cyanoramphus_auriceps|Cyanoramphus_malherbi	0.7923	2	Cyanoramphus	-0.3155	0.06776	-0.3349	0.01941	0.7922
124	True	Cyanoramphus_auriceps	1|Cyanoramphus_auriceps|Cyanoramphus_auriceps	4e-06	1	Cyanoramphus	-0.1737	8.684e-08	-0.3155	0.1418	0.7923
125	True	Cyanoramphus_malherbi	1|Cyanoramphus_malherbi|Cyanoramphus_malherbi	4e-06	1	Cyanoramphus	-0.4379	5.082e-08	-0.3155	-0.1224	0.7923
126	False	node126	11|Barnardius_zonarius|Purpureicephalus_spurius	11.91	11	Barnardius;Northiella;Platycercus;Psephotellus;Psephotus;Purpureicephalus	-0.2307	0.1929	-0.2675	0.03674	2.107
127	True	Psephotus_haematonotus	1|Psephotus_haematonotus|Psephotus_haematonotus	3e-06	1	Psephotus	-0.154	0	-0.2307	0.0767	11.91
128	False	node128	10|Barnardius_zonarius|Purpureicephalus_spurius	9.802	10	Barnardius;Northiella;Platycercus;Psephotellus;Purpureicephalus	-0.2076	0.1797	-0.2307	0.02317	2.107
129	True	Northiella_haematogaster	1|Northiella_haematogaster|Northiella_haematogaster	3e-06	1	Northiella	-0.1661	5.839e-08	-0.2076	0.04142	9.802
130	False	node130	9|Barnardius_zonarius|Purpureicephalus_spurius	6.306	9	Barnardius;Platycercus;Psephotellus;Purpureicephalus	-0.1839	0.1301	-0.2076	0.02368	3.496
131	False	node131	5|Barnardius_zonarius|Platycercus_venustus	5.961	5	Barnardius;Platycercus	-0.1776	0.1271	-0.1839	0.006241	0.3448
132	True	Barnardius_zonarius	1|Barnardius_zonarius|Barnardius_zonarius	3e-06	1	Barnardius	-0.06706	1.132e-07	-0.1776	0.1106	5.961
133	False	node133	4|Platycercus_adscitus|Platycercus_venustus	5.616	4	Platycercus	-0.1778	0.1284	-0.1776	-0.0001553	0.3448
134	True	Platycercus_icterotis	1|Platycercus_icterotis|Platycercus_icterotis	3e-06	1	Platycercus	-0.1965	1.141e-07	-0.1778	-0.01871	5.616
135	False	node135	3|Platycercus_adscitus|Platycercus_venustus	3.284	3	Platycercus	-0.1711	0.1229	-0.1778	0.006716	2.332
136	True	Platycercus_eximius	1|Platycercus_eximius|Platycercus_eximius	3e-06	1	Platycercus	-0.2587	9.091e-08	-0.1711	-0.08761	3.284
137	False	node137	2|Platycercus_adscitus|Platycercus_venustus	1.642	2	Platycercus	-0.1225	0.09816	-0.1711	0.04853	1.642
138	True	Platycercus_venustus	1|Platycercus_venustus|Platycercus_venustus	3e-06	1	Platycercus	-0.04988	1.145e-07	-0.1225	0.07266	1.642
139	True	Platycercus_adscitus	1|Platycercus_adscitus|Platycercus_adscitus	3e-06	1	Platycercus	-0.1467	1.145e-07	-0.1225	-0.02412	1.642
140	False	node140	4|Psephotellus_chrysopterygius|Purpureicephalus_spurius	4.236	4	Psephotellus;Purpureicephalus	-0.2073	0.1318	-0.1839	-0.02344	2.069
141	True	Purpureicephalus_spurius	1|Purpureicephalus_spurius|Purpureicephalus_spurius	3e-06	1	Purpureicephalus	-0.4231	9.854e-08	-0.2073	-0.2158	4.236
142	False	node142	3|Psephotellus_chrysopterygius|Psephotellus_varius	2.167	3	Psephotellus	-0.1253	0.1048	-0.2073	0.08197	2.069
143	True	Psephotellus_varius	1|Psephotellus_varius|Psephotellus_varius	3e-06	1	Psephotellus	-0.2662	1.09e-07	-0.1253	-0.1409	2.167
144	False	node144	2|Psephotellus_chrysopterygius|Psephotellus_dissimilis	1.084	2	Psephotellus	-0.01197	0.08045	-0.1253	0.1134	1.084
145	True	Psephotellus_dissimilis	1|Psephotellus_dissimilis|Psephotellus_dissimilis	3e-06	1	Psephotellus	0.005507	1.071e-07	-0.01197	0.01748	1.084
146	True	Psephotellus_chrysopterygius	1|Psephotellus_chrysopterygius|Psephotellus_chrysopterygius	3e-06	1	Psephotellus	0.08392	1.032e-07	-0.01197	0.09589	1.084
147	False	node147	6|Neophema_chrysogaster|Neopsephotus_bourkii	7.252	6	Neophema;Neopsephotus	-0.2679	0.1817	-0.111	-0.1569	27.41
148	True	Neopsephotus_bourkii	1|Neopsephotus_bourkii|Neopsephotus_bourkii	3e-06	1	Neopsephotus	-0.08005	2.424e-07	-0.2679	0.1878	7.252
149	False	node149	5|Neophema_chrysogaster|Neophema_splendida	5.676	5	Neophema	-0.3177	0.1551	-0.2679	-0.04984	1.576
150	True	Neophema_elegans	1|Neophema_elegans|Neophema_elegans	3e-06	1	Neophema	-0.2836	2.028e-07	-0.3177	0.03413	5.676
151	False	node151	4|Neophema_chrysogaster|Neophema_splendida	4.1	4	Neophema	-0.377	0.1386	-0.3177	-0.05932	1.576
152	True	Neophema_chrysostoma	1|Neophema_chrysostoma|Neophema_chrysostoma	3e-06	1	Neophema	-0.4432	2.168e-07	-0.377	-0.06618	4.1
153	False	node153	3|Neophema_chrysogaster|Neophema_splendida	1.432	3	Neophema	-0.4344	0.08903	-0.377	-0.05734	2.668
154	True	Neophema_splendida	1|Neophema_splendida|Neophema_splendida	3e-06	1	Neophema	-0.6488	1.934e-07	-0.4344	-0.2144	1.432
155	False	node155	2|Neophema_chrysogaster|Neophema_pulchella	0.7161	2	Neophema	-0.3426	0.06596	-0.4344	0.09182	0.716
156	True	Neophema_chrysogaster	1|Neophema_chrysogaster|Neophema_chrysogaster	3e-06	1	Neophema	-0.2247	1.787e-07	-0.3426	0.1179	0.7161
157	True	Neophema_pulchella	1|Neophema_pulchella|Neophema_pulchella	3e-06	1	Neophema	-0.3686	1.907e-07	-0.3426	-0.02603	0.7161
158	False	node158	20|Alisterus_amboinensis|Tanygnathus_sumatranus	19.67	20	7 genera	-0.103	0.2271	-0.0772	-0.02584	16.47
159	False	node159	14|Eclectus_roratus|Tanygnathus_sumatranus	10.23	14	Eclectus;Psittacula;Psittinus;Tanygnathus	0.05424	0.1753	-0.103	0.1573	9.439
160	False	node160	13|Psittacula_alexandri|Tanygnathus_sumatranus	8.527	13	Psittacula;Psittinus;Tanygnathus	0.09008	0.1373	0.05424	0.03584	1.705
161	True	Psittacula_eupatria	1|Psittacula_eupatria|Psittacula_eupatria	3e-06	1	Psittacula	0.4535	9.147e-08	0.09008	0.3634	8.527
162	True	Psittacula_roseata	1|Psittacula_roseata|Psittacula_roseata	3e-06	1	Psittacula	0.7135	9.37e-08	0.09008	0.6234	8.527
163	False	node163	11|Psittacula_alexandri|Tanygnathus_sumatranus	7.959	11	Psittacula;Psittinus;Tanygnathus	0.03624	0.1323	0.09008	-0.05384	0.5685
164	False	node164	9|Psittacula_alexandri|Tanygnathus_sumatranus	6.822	9	Psittacula;Psittinus;Tanygnathus	-0.1192	0.1292	0.03624	-0.1554	1.137
165	False	node165	3|Tanygnathus_lucionensis|Tanygnathus_sumatranus	3.411	3	Tanygnathus	-0.6084	0.1159	-0.1192	-0.4892	3.411
166	True	Tanygnathus_lucionensis	1|Tanygnathus_lucionensis|Tanygnathus_lucionensis	3e-06	1	Tanygnathus	-0.6382	1.245e-07	-0.6084	-0.02974	3.411
167	True	Tanygnathus_sumatranus	1|Tanygnathus_sumatranus|Tanygnathus_sumatranus	3e-06	1	Tanygnathus	-0.3819	1.104e-07	-0.6084	0.2266	3.411
168	True	Tanygnathus_megalorynchos	1|Tanygnathus_megalorynchos|Tanygnathus_megalorynchos	3e-06	1	Tanygnathus	-1.294	1.104e-07	-0.6084	-0.6861	3.411
169	False	node169	6|Psittacula_alexandri|Psittinus_cyanurus	5.685	6	Psittacula;Psittinus	-0.1116	0.1289	-0.1192	0.007631	1.137
170	False	node170	5|Psittacula_alexandri|Psittacula_longicauda	4.548	5	Psittacula	-0.05151	0.1236	-0.1116	0.06007	1.137
171	True	Psittacula_krameri	1|Psittacula_krameri|Psittacula_krameri	3e-06	1	Psittacula	0.2743	6.818e-08	-0.05151	0.3258	4.548
172	False	node172	4|Psittacula_alexandri|Psittacula_longicauda	3.411	4	Psittacula	-0.0729	0.1149	-0.05151	-0.02138	1.137
173	False	node173	3|Psittacula_alexandri|Psittacula_longicauda	2.274	3	Psittacula	-0.2103	0.1022	-0.0729	-0.1374	1.137
174	True	Psittacula_longicauda	1|Psittacula_longicauda|Psittacula_longicauda	3e-06	1	Psittacula	-0.7907	1.145e-07	-0.2103	-0.5803	2.274
175	False	node175	2|Psittacula_alexandri|Psittacula_derbiana	1.137	2	Psittacula	-0.05759	0.08167	-0.2103	0.1527	1.137
176	True	Psittacula_alexandri	1|Psittacula_alexandri|Psittacula_alexandri	3e-06	1	Psittacula	0.2449	1.046e-07	-0.05759	0.3024	1.137
177	True	Psittacula_derbiana	1|Psittacula_derbiana|Psittacula_derbiana	3e-06	1	Psittacula	-0.2073	7.74e-08	-0.05759	-0.1497	1.137
178	True	Psittacula_columboides	1|Psittacula_columboides|Psittacula_columboides	3e-06	1	Psittacula	0.2752	9.425e-08	-0.0729	0.3481	3.411
179	True	Psittinus_cyanurus	1|Psittinus_cyanurus|Psittinus_cyanurus	3e-06	1	Psittinus	-0.3738	9.091e-08	-0.1116	-0.2622	5.685
180	False	node180	2|Psittacula_cyanocephala|Psittacula_himalayana	5.306	2	Psittacula	0.1477	0.1538	0.03624	0.1114	2.653
181	True	Psittacula_cyanocephala	1|Psittacula_cyanocephala|Psittacula_cyanocephala	3e-06	1	Psittacula	0.27	1.232e-07	0.1477	0.1224	5.306
182	True	Psittacula_himalayana	1|Psittacula_himalayana|Psittacula_himalayana	3e-06	1	Psittacula	0.2482	1.249e-07	0.1477	0.1005	5.306
183	True	Eclectus_roratus	1|Eclectus_roratus|Eclectus_roratus	3e-06	1	Eclectus	0.009687	1.109e-07	0.05424	-0.04455	10.23
184	False	node184	6|Alisterus_amboinensis|Polytelis_swainsonii	18	6	Alisterus;Aprosmictus;Polytelis	-0.1336	0.2185	-0.103	-0.03056	1.676
185	True	Polytelis_swainsonii	1|Polytelis_swainsonii|Polytelis_swainsonii	3e-06	1	Polytelis	-0.2824	1.016e-07	-0.1336	-0.1488	18
186	False	node186	5|Alisterus_amboinensis|Polytelis_anthopeplus	16.32	5	Alisterus;Aprosmictus;Polytelis	-0.1503	0.2164	-0.1336	-0.0167	1.676
187	False	node187	3|Alisterus_amboinensis|Polytelis_alexandrae	6.409	3	Alisterus;Aprosmictus;Polytelis	-0.1951	0.183	-0.1503	-0.04476	9.91
188	True	Alisterus_amboinensis	1|Alisterus_amboinensis|Alisterus_amboinensis	3e-06	1	Alisterus	-0.3696	1.371e-07	-0.1951	-0.1746	6.409
189	False	node189	2|Aprosmictus_erythropterus|Polytelis_alexandrae	3.205	2	Aprosmictus;Polytelis	-0.1223	0.1387	-0.1951	0.0728	3.205
190	True	Aprosmictus_erythropterus	1|Aprosmictus_erythropterus|Aprosmictus_erythropterus	3e-06	1	Aprosmictus	-0.04606	1.397e-07	-0.1223	0.07621	3.205
191	True	Polytelis_alexandrae	1|Polytelis_alexandrae|Polytelis_alexandrae	3e-06	1	Polytelis	-0.1257	1.337e-07	-0.1223	-0.003403	3.205
192	False	node192	2|Alisterus_chloropterus|Polytelis_anthopeplus	12.97	2	Alisterus;Polytelis	-0.1686	0.2291	-0.1503	-0.01826	3.353
193	True	Alisterus_chloropterus	1|Alisterus_chloropterus|Alisterus_chloropterus	3e-06	1	Alisterus	-0.1338	1.076e-07	-0.1686	0.03476	12.97
194	True	Polytelis_anthopeplus	1|Polytelis_anthopeplus|Polytelis_anthopeplus	3e-06	1	Polytelis	-0.2739	1.076e-07	-0.1686	-0.1054	12.97
195	False	node195	3|Coracopsis_nigra|Psittrichas_fulgidus	35.08	3	Coracopsis;Psittrichas	-0.008052	0.2361	-0.03135	0.0233	2.401
196	True	Psittrichas_fulgidus	1|Psittrichas_fulgidus|Psittrichas_fulgidus	3e-06	1	Psittrichas	-0.447	0	-0.008052	-0.439	35.08
197	False	node197	2|Coracopsis_nigra|Coracopsis_vasa	34.02	2	Coracopsis	0.01551	0.2528	-0.008052	0.02356	1.061
198	True	Coracopsis_vasa	1|Coracopsis_vasa|Coracopsis_vasa	3e-06	1	Coracopsis	0.3922	4.43e-08	0.01551	0.3767	34.02
199	True	Coracopsis_nigra	1|Coracopsis_nigra|Coracopsis_nigra	3e-06	1	Coracopsis	0.3946	2.689e-08	0.01551	0.3791	34.02
200	False	node200	98|Alipiopsitta_xanthops|Triclaria_malachitacea	32.04	98	27 genera	0.09916	0.2204	0.001502	0.09766	6.779
201	False	node201	89|Alipiopsitta_xanthops|Triclaria_malachitacea	28.65	89	25 genera	0.09671	0.2138	0.09916	-0.002448	3.389
202	True	Pionopsitta_pileata	1|Pionopsitta_pileata|Pionopsitta_pileata	3e-06	1	Pionopsitta	0.3023	0	0.09671	0.2056	28.65
203	False	node203	88|Alipiopsitta_xanthops|Triclaria_malachitacea	25.26	88	24 genera	0.06995	0.1685	0.09671	-0.02677	3.389
204	False	node204	85|Alipiopsitta_xanthops|Triclaria_malachitacea	25.02	85	22 genera	0.07057	0.1639	0.06995	0.0006213	0.24
205	False	node205	34|Alipiopsitta_xanthops|Triclaria_malachitacea	24.78	34	Alipiopsitta;Amazona;Brotogeris;Myiopsitta;Pionus;Triclaria	0.07	0.1652	0.07057	-0.000563	0.24
206	False	node206	28|Alipiopsitta_xanthops|Triclaria_malachitacea	13.99	28	Alipiopsitta;Amazona;Pionus;Triclaria	0.129	0.1938	0.07	0.05902	10.79
207	True	Triclaria_malachitacea	1|Triclaria_malachitacea|Triclaria_malachitacea	3e-06	1	Triclaria	-0.2159	0	0.129	-0.3449	13.99
208	False	node208	27|Alipiopsitta_xanthops|Pionus_seniloides	10.8	27	Alipiopsitta;Amazona;Pionus	0.2251	0.1151	0.129	0.09607	3.19
209	False	node209	26|Amazona_aestiva|Pionus_seniloides	10.43	26	Amazona;Pionus	0.2238	0.09673	0.2251	-0.00125	0.3785
210	False	node210	5|Pionus_fuscus|Pionus_seniloides	9.163	5	Pionus	0.123	0.1286	0.2238	-0.1008	1.263
211	False	node211	3|Pionus_menstruus|Pionus_seniloides	6.25	3	Pionus	0.02455	0.1452	0.123	-0.09848	2.913
212	True	Pionus_senilis	1|Pionus_senilis|Pionus_senilis	3e-06	1	Pionus	0.09302	0	0.02455	0.06847	6.25
213	False	node213	2|Pionus_menstruus|Pionus_seniloides	5.863	2	Pionus	0.007242	0.1463	0.02455	-0.01731	0.3867
214	True	Pionus_menstruus	1|Pionus_menstruus|Pionus_menstruus	3e-06	1	Pionus	0.09434	0	0.007242	0.0871	5.863
215	True	Pionus_seniloides	1|Pionus_seniloides|Pionus_seniloides	3e-06	1	Pionus	-0.3423	0	0.007242	-0.3495	5.863
216	False	node216	2|Pionus_fuscus|Pionus_maximiliani	7.9	2	Pionus	0.06492	0.153	0.123	-0.05811	1.263
217	True	Pionus_fuscus	1|Pionus_fuscus|Pionus_fuscus	3e-06	1	Pionus	-0.4797	0	0.06492	-0.5446	7.9
218	True	Pionus_maximiliani	1|Pionus_maximiliani|Pionus_maximiliani	3e-06	1	Pionus	0.2461	1.76e-08	0.06492	0.1812	7.9
219	False	node219	21|Amazona_aestiva|Amazona_xantholora	10.24	21	Amazona	0.2383	0.08946	0.2238	0.01448	0.1893
220	True	Amazona_agilis	1|Amazona_agilis|Amazona_agilis	3e-06	1	Amazona	-0.398	0	0.2383	-0.6363	10.24
221	True	Amazona_vittata	1|Amazona_vittata|Amazona_vittata	3e-06	1	Amazona	0.6209	0	0.2383	0.3826	10.24
222	True	Amazona_lilacina	1|Amazona_lilacina|Amazona_lilacina	3e-06	1	Amazona	0.2585	0	0.2383	0.02013	10.24
223	True	Amazona_albifrons	1|Amazona_albifrons|Amazona_albifrons	3e-06	1	Amazona	0.5043	0	0.2383	0.266	10.24
224	True	Amazona_xantholora	1|Amazona_xantholora|Amazona_xantholora	3e-06	1	Amazona	0.3779	0	0.2383	0.1396	10.24
225	True	Amazona_ventralis	1|Amazona_ventralis|Amazona_ventralis	3e-06	1	Amazona	0.3988	0	0.2383	0.1605	10.24
226	True	Amazona_vinacea	1|Amazona_vinacea|Amazona_vinacea	3e-06	1	Amazona	-0.0239	0	0.2383	-0.2622	10.24
227	True	Amazona_collaria	1|Amazona_collaria|Amazona_collaria	3e-06	1	Amazona	0.1141	0	0.2383	-0.1242	10.24
228	True	Amazona_leucocephala	1|Amazona_leucocephala|Amazona_leucocephala	3e-06	1	Amazona	0.4108	0	0.2383	0.1724	10.24
229	True	Amazona_ochrocephala	1|Amazona_ochrocephala|Amazona_ochrocephala	3e-06	1	Amazona	0.5207	0	0.2383	0.2823	10.24
230	False	node230	11|Amazona_aestiva|Amazona_tucumana	9.669	11	Amazona	0.2595	0.1038	0.2383	0.02121	0.5678
231	False	node231	4|Amazona_aestiva|Amazona_tucumana	7.956	4	Amazona	0.2472	0.1461	0.2595	-0.0123	1.714
232	False	node232	2|Amazona_aestiva|Amazona_barbadensis	3.446	2	Amazona	0.3287	0.1406	0.2472	0.0815	4.51
233	True	Amazona_barbadensis	1|Amazona_barbadensis|Amazona_barbadensis	3e-06	1	Amazona	0.2829	0	0.3287	-0.04581	3.446
234	True	Amazona_aestiva	1|Amazona_aestiva|Amazona_aestiva	3e-06	1	Amazona	0.4368	0	0.3287	0.1081	3.446
235	False	node235	2|Amazona_pretrei|Amazona_tucumana	0.843	2	Amazona	0.06765	0.0765	0.2472	-0.1796	7.113
236	True	Amazona_tucumana	1|Amazona_tucumana|Amazona_tucumana	3e-06	1	Amazona	0.1533	9.749e-08	0.06765	0.08566	0.843
237	True	Amazona_pretrei	1|Amazona_pretrei|Amazona_pretrei	3e-06	1	Amazona	-0.0393	7.873e-08	0.06765	-0.1069	0.843
238	False	node238	7|Amazona_amazonica|Amazona_rhodocorytha	9.291	7	Amazona	0.2764	0.1123	0.2595	0.01686	0.3785
239	False	node239	4|Amazona_autumnalis|Amazona_rhodocorytha	5.891	4	Amazona	0.3713	0.1513	0.2764	0.09495	3.4
240	False	node240	3|Amazona_autumnalis|Amazona_rhodocorytha	3.042	3	Amazona	0.3084	0.1247	0.3713	-0.06296	2.849
241	True	Amazona_autumnalis	1|Amazona_autumnalis|Amazona_autumnalis	3e-06	1	Amazona	0.4781	6.428e-08	0.3084	0.1697	3.042
242	False	node242	2|Amazona_dufresniana|Amazona_rhodocorytha	1.325	2	Amazona	0.1746	0.09032	0.3084	-0.1337	1.717
243	True	Amazona_dufresniana	1|Amazona_dufresniana|Amazona_dufresniana	3e-06	1	Amazona	0.2781	1.76e-08	0.1746	0.1035	1.325
244	True	Amazona_rhodocorytha	1|Amazona_rhodocorytha|Amazona_rhodocorytha	3e-06	1	Amazona	-0.03211	0	0.1746	-0.2067	1.325
245	True	Amazona_finschi	1|Amazona_finschi|Amazona_finschi	3e-06	1	Amazona	0.6661	0	0.3713	0.2947	5.891
246	False	node246	3|Amazona_amazonica|Amazona_guildingii	8.534	3	Amazona	0.289	0.1293	0.2764	0.01257	0.7571
247	True	Amazona_brasiliensis	1|Amazona_brasiliensis|Amazona_brasiliensis	3e-06	1	Amazona	0.3051	0	0.289	0.01611	8.534
248	False	node248	2|Amazona_amazonica|Amazona_guildingii	8.155	2	Amazona	0.2945	0.1379	0.289	0.005569	0.3785
249	True	Amazona_amazonica	1|Amazona_amazonica|Amazona_amazonica	3e-06	1	Amazona	0.3736	0	0.2945	0.07906	8.155
250	True	Amazona_guildingii	1|Amazona_guildingii|Amazona_guildingii	3e-06	1	Amazona	0.3354	0	0.2945	0.04091	8.155
251	True	Alipiopsitta_xanthops	1|Alipiopsitta_xanthops|Alipiopsitta_xanthops	3e-06	1	Alipiopsitta	0.5862	4.065e-08	0.2251	0.3611	10.8
252	False	node252	6|Brotogeris_chrysoptera|Myiopsitta_monachus	24.54	6	Brotogeris;Myiopsitta	0.06813	0.1688	0.07	-0.001876	0.24
253	False	node253	5|Brotogeris_chrysoptera|Brotogeris_versicolurus	24.3	5	Brotogeris	0.06899	0.1733	0.06813	0.0008588	0.24
254	False	node254	3|Brotogeris_chrysoptera|Brotogeris_pyrrhoptera	13.49	3	Brotogeris	0.06102	0.2492	0.06899	-0.007965	10.81
255	True	Brotogeris_pyrrhoptera	1|Brotogeris_pyrrhoptera|Brotogeris_pyrrhoptera	3e-06	1	Brotogeris	-0.2303	0	0.06102	-0.2913	13.49
256	False	node256	2|Brotogeris_chrysoptera|Brotogeris_cyanoptera	3.159	2	Brotogeris	0.2765	0.145	0.06102	0.2155	10.33
257	True	Brotogeris_chrysoptera	1|Brotogeris_chrysoptera|Brotogeris_chrysoptera	3e-06	1	Brotogeris	0.5986	0	0.2765	0.3221	3.159
258	True	Brotogeris_cyanoptera	1|Brotogeris_cyanoptera|Brotogeris_cyanoptera	3e-06	1	Brotogeris	0.02037	0	0.2765	-0.2562	3.159
259	False	node259	2|Brotogeris_tirica|Brotogeris_versicolurus	24.06	2	Brotogeris	0.07002	0.1797	0.06899	0.001036	0.24
260	True	Brotogeris_tirica	1|Brotogeris_tirica|Brotogeris_tirica	3e-06	1	Brotogeris	0.0114	0	0.07002	-0.05863	24.06
261	True	Brotogeris_versicolurus	1|Brotogeris_versicolurus|Brotogeris_versicolurus	3e-06	1	Brotogeris	0.2325	0	0.07002	0.1625	24.06
262	True	Myiopsitta_monachus	1|Myiopsitta_monachus|Myiopsitta_monachus	3e-06	1	Myiopsitta	-0.2116	0	0.06813	-0.2797	24.54
263	False	node263	51|Anodorhynchus_hyacinthinus|Rhynchopsitta_pachyrhyncha	23.23	51	16 genera	0.0794	0.1764	0.07057	0.008829	1.789
264	False	node264	47|Anodorhynchus_hyacinthinus|Rhynchopsitta_pachyrhyncha	13.47	47	15 genera	0.2698	0.133	0.0794	0.1904	9.761
265	False	node265	44|Anodorhynchus_hyacinthinus|Rhynchopsitta_pachyrhyncha	13.09	44	13 genera	0.2768	0.1186	0.2698	0.006967	0.38
266	False	node266	32|Anodorhynchus_hyacinthinus|Rhynchopsitta_pachyrhyncha	10.64	32	12 genera	0.2459	0.1112	0.2768	-0.03089	2.448
267	False	node267	31|Anodorhynchus_hyacinthinus|Psittacara_wagleri	10.47	31	11 genera	0.2497	0.1063	0.2459	0.003784	0.1682
268	False	node268	30|Anodorhynchus_hyacinthinus|Psittacara_wagleri	10.31	30	10 genera	0.2597	0.1019	0.2497	0.01005	0.1682
269	True	Cyanoliseus_patagonus	1|Cyanoliseus_patagonus|Cyanoliseus_patagonus	3e-06	1	Cyanoliseus	0.2513	1.163e-07	0.2597	-0.008477	10.31
270	False	node270	29|Anodorhynchus_hyacinthinus|Psittacara_wagleri	10.14	29	9 genera	0.2699	0.0978	0.2597	0.01019	0.1682
271	False	node271	27|Ara_ambiguus|Psittacara_wagleri	10.05	27	8 genera	0.2744	0.09625	0.2699	0.004441	0.0841
272	True	Psittacara_finschi	1|Psittacara_finschi|Psittacara_finschi	3e-06	1	Psittacara	0.7122	0	0.2744	0.4378	10.05
273	True	Psittacara_erythrogenys	1|Psittacara_erythrogenys|Psittacara_erythrogenys	3e-06	1	Psittacara	0.4028	0	0.2744	0.1284	10.05
274	False	node274	25|Ara_ambiguus|Psittacara_wagleri	9.969	25	8 genera	0.2741	0.0959	0.2744	-0.0002961	0.0841
275	False	node275	21|Ara_ambiguus|Psittacara_wagleri	9.8	21	Ara;Aratinga;Eupsittula;Orthopsittaca;Primolius;Psittacara	0.2729	0.09603	0.2741	-0.001216	0.1682
276	False	node276	8|Eupsittula_canicularis|Psittacara_wagleri	5.578	8	Eupsittula;Psittacara	0.3502	0.1295	0.2729	0.07729	4.222
277	False	node277	3|Eupsittula_canicularis|Eupsittula_pertinax	4.778	3	Eupsittula	0.3391	0.1259	0.3502	-0.01104	0.8003
278	False	node278	2|Eupsittula_canicularis|Eupsittula_nana	4.066	2	Eupsittula	0.3258	0.1279	0.3391	-0.01326	0.7121
279	True	Eupsittula_canicularis	1|Eupsittula_canicularis|Eupsittula_canicularis	4e-06	1	Eupsittula	0.168	9.034e-08	0.3258	-0.1579	4.066
280	True	Eupsittula_nana	1|Eupsittula_nana|Eupsittula_nana	4e-06	1	Eupsittula	0.408	1.071e-07	0.3258	0.08217	4.066
281	True	Eupsittula_pertinax	1|Eupsittula_pertinax|Eupsittula_pertinax	4e-06	1	Eupsittula	0.3622	1.099e-07	0.3391	0.02309	4.778
282	False	node282	5|Psittacara_holochlorus|Psittacara_wagleri	2.905	5	Psittacara	0.4359	0.109	0.3502	0.0858	2.673
283	True	Psittacara_leucophthalmus	1|Psittacara_leucophthalmus|Psittacara_leucophthalmus	4e-06	1	Psittacara	0.5282	5.839e-08	0.4359	0.09226	2.905
284	False	node284	4|Psittacara_holochlorus|Psittacara_wagleri	2.186	4	Psittacara	0.4362	0.09452	0.4359	0.0002476	0.7194
285	True	Psittacara_wagleri	1|Psittacara_wagleri|Psittacara_wagleri	4e-06	1	Psittacara	0.3578	7.938e-08	0.4362	-0.07839	2.186
286	False	node286	3|Psittacara_holochlorus|Psittacara_rubritorquis	1.597	3	Psittacara	0.4575	0.08612	0.4362	0.02132	0.5888
287	True	Psittacara_mitratus	1|Psittacara_mitratus|Psittacara_mitratus	4e-06	1	Psittacara	0.3753	7.399e-08	0.4575	-0.08219	1.597
288	False	node288	2|Psittacara_holochlorus|Psittacara_rubritorquis	0.568	2	Psittacara	0.5477	0.05986	0.4575	0.09023	1.029
289	True	Psittacara_holochlorus	1|Psittacara_holochlorus|Psittacara_holochlorus	4e-06	1	Psittacara	0.4046	0	0.5477	-0.1431	0.568
290	True	Psittacara_rubritorquis	1|Psittacara_rubritorquis|Psittacara_rubritorquis	4e-06	1	Psittacara	0.7407	7.938e-08	0.5477	0.1929	0.568
291	False	node291	13|Ara_ambiguus|Primolius_maracana	9.632	13	Ara;Aratinga;Orthopsittaca;Primolius	0.2686	0.09732	0.2729	-0.004296	0.1682
292	False	node292	9|Ara_ambiguus|Primolius_maracana	8.803	9	Ara;Orthopsittaca;Primolius	0.2401	0.1102	0.2686	-0.02841	0.8293
293	True	Orthopsittaca_manilatus	1|Orthopsittaca_manilatus|Orthopsittaca_manilatus	4e-06	1	Orthopsittaca	-0.5775	0	0.2401	-0.8176	8.803
294	False	node294	8|Ara_ambiguus|Primolius_maracana	8.388	8	Ara;Primolius	0.2645	0.1114	0.2401	0.02431	0.4147
295	False	node295	5|Ara_ambiguus|Ara_rubrogenys	6.695	5	Ara	0.3122	0.1242	0.2645	0.04774	1.693
296	True	Ara_rubrogenys	1|Ara_rubrogenys|Ara_rubrogenys	4e-06	1	Ara	0.3731	0	0.3122	0.06088	6.695
297	True	Ara_ambiguus	1|Ara_ambiguus|Ara_ambiguus	4e-06	1	Ara	0.2525	0	0.3122	-0.0597	6.695
298	False	node298	3|Ara_ararauna|Ara_macao	5.002	3	Ara	0.3596	0.1283	0.3122	0.04745	1.693
299	False	node299	2|Ara_chloropterus|Ara_macao	4.646	2	Ara	0.3788	0.1299	0.3596	0.01919	0.3555
300	True	Ara_chloropterus	1|Ara_chloropterus|Ara_chloropterus	4e-06	1	Ara	0.3905	0	0.3788	0.01166	4.646
301	True	Ara_macao	1|Ara_macao|Ara_macao	4e-06	1	Ara	0.6179	0	0.3788	0.2391	4.646
302	True	Ara_ararauna	1|Ara_ararauna|Ara_ararauna	4e-06	1	Ara	0.2299	0	0.3596	-0.1298	5.002
303	False	node303	3|Primolius_auricollis|Primolius_maracana	8.181	3	Primolius	0.2708	0.1164	0.2645	0.006308	0.2073
304	True	Primolius_maracana	1|Primolius_maracana|Primolius_maracana	4e-06	1	Primolius	0.4302	0	0.2708	0.1594	8.181
305	False	node305	2|Primolius_auricollis|Primolius_couloni	7.974	2	Primolius	0.273	0.1229	0.2708	0.002268	0.2073
306	True	Primolius_auricollis	1|Primolius_auricollis|Primolius_auricollis	5e-06	1	Primolius	0.4101	0	0.273	0.1371	7.974
307	True	Primolius_couloni	1|Primolius_couloni|Primolius_couloni	5e-06	1	Primolius	0.2232	0	0.273	-0.04987	7.974
308	False	node308	4|Aratinga_auricapillus|Aratinga_solstitialis	9.338	4	Aratinga	0.2711	0.1076	0.2686	0.002571	0.2947
309	True	Aratinga_solstitialis	1|Aratinga_solstitialis|Aratinga_solstitialis	4e-06	1	Aratinga	0.1051	0	0.2711	-0.166	9.338
310	False	node310	3|Aratinga_auricapillus|Aratinga_nenday	8.453	3	Aratinga	0.2946	0.1294	0.2711	0.02343	0.8841
311	True	Aratinga_nenday	1|Aratinga_nenday|Aratinga_nenday	4e-06	1	Aratinga	0.4581	0	0.2946	0.1635	8.453
312	False	node312	2|Aratinga_auricapillus|Aratinga_jandaya	7.864	2	Aratinga	0.2988	0.1418	0.2946	0.004219	0.5894
313	True	Aratinga_jandaya	1|Aratinga_jandaya|Aratinga_jandaya	4e-06	1	Aratinga	0.2797	0	0.2988	-0.0191	7.864
314	True	Aratinga_auricapillus	1|Aratinga_auricapillus|Aratinga_auricapillus	4e-06	1	Aratinga	0.3742	0	0.2988	0.0754	7.864
315	False	node315	4|Diopsittaca_cumanensis|Psittacara_acuticaudatus	3.684	4	Diopsittaca;Guaruba;Psittacara	0.2974	0.1279	0.2741	0.02332	6.285
316	True	Guaruba_guarouba	1|Guaruba_guarouba|Guaruba_guarouba	4e-06	1	Guaruba	0.2111	1.437e-08	0.2974	-0.08634	3.684
317	False	node317	3|Diopsittaca_cumanensis|Psittacara_acuticaudatus	2.75	3	Diopsittaca;Psittacara	0.3228	0.1126	0.2974	0.02537	0.9344
318	True	Psittacara_acuticaudatus	1|Psittacara_acuticaudatus|Psittacara_acuticaudatus	4e-06	1	Psittacara	0.4985	2.49e-08	0.3228	0.1758	2.75
319	False	node319	2|Diopsittaca_cumanensis|Diopsittaca_nobilis	1.375	2	Diopsittaca	0.2722	0.08983	0.3228	-0.05057	1.375
320	True	Diopsittaca_nobilis	1|Diopsittaca_nobilis|Diopsittaca_nobilis	4e-06	1	Diopsittaca	0.3427	2.49e-08	0.2722	0.07055	1.375
321	True	Diopsittaca_cumanensis	1|Diopsittaca_cumanensis|Diopsittaca_cumanensis	4e-06	1	Diopsittaca	0.1511	0	0.2722	-0.1211	1.375
322	False	node322	2|Anodorhynchus_hyacinthinus|Anodorhynchus_leari	5.338	2	Anodorhynchus	0.3072	0.1617	0.2699	0.03724	4.799
323	True	Anodorhynchus_leari	1|Anodorhynchus_leari|Anodorhynchus_leari	3e-06	1	Anodorhynchus	0.5566	6.013e-08	0.3072	0.2494	5.338
324	True	Anodorhynchus_hyacinthinus	1|Anodorhynchus_hyacinthinus|Anodorhynchus_hyacinthinus	3e-06	1	Anodorhynchus	0.0992	6.013e-08	0.3072	-0.208	5.338
325	True	Enicognathus_leptorhynchus	1|Enicognathus_leptorhynchus|Enicognathus_leptorhynchus	3e-06	1	Enicognathus	-0.1404	0	0.2497	-0.3901	10.47
326	True	Rhynchopsitta_pachyrhyncha	1|Rhynchopsitta_pachyrhyncha|Rhynchopsitta_pachyrhyncha	3e-06	1	Rhynchopsitta	-0.1277	0	0.2459	-0.3736	10.64
327	False	node327	12|Pyrrhura_cruentata|Pyrrhura_rupicola	12.9	12	Pyrrhura	0.2827	0.1162	0.2768	0.005881	0.19
328	True	Pyrrhura_picta	1|Pyrrhura_picta|Pyrrhura_picta	4e-06	1	Pyrrhura	0.2259	0	0.2827	-0.05681	12.9
329	True	Pyrrhura_pacifica	1|Pyrrhura_pacifica|Pyrrhura_pacifica	4e-06	1	Pyrrhura	0.5764	0	0.2827	0.2938	12.9
330	True	Pyrrhura_hoffmanni	1|Pyrrhura_hoffmanni|Pyrrhura_hoffmanni	4e-06	1	Pyrrhura	0.4667	0	0.2827	0.1841	12.9
331	True	Pyrrhura_emma	1|Pyrrhura_emma|Pyrrhura_emma	4e-06	1	Pyrrhura	0.01414	0	0.2827	-0.2685	12.9
332	True	Pyrrhura_frontalis	1|Pyrrhura_frontalis|Pyrrhura_frontalis	4e-06	1	Pyrrhura	0.1787	0	0.2827	-0.104	12.9
333	False	node333	7|Pyrrhura_cruentata|Pyrrhura_rupicola	12.71	7	Pyrrhura	0.2878	0.1211	0.2827	0.005167	0.19
334	True	Pyrrhura_cruentata	1|Pyrrhura_cruentata|Pyrrhura_cruentata	4e-06	1	Pyrrhura	0.4858	0	0.2878	0.1979	12.71
335	False	node335	6|Pyrrhura_griseipectus|Pyrrhura_rupicola	12.33	6	Pyrrhura	0.2923	0.1316	0.2878	0.004415	0.38
336	False	node336	2|Pyrrhura_griseipectus|Pyrrhura_leucotis	0.4673	2	Pyrrhura	0.3897	0.05777	0.2923	0.09743	11.86
337	True	Pyrrhura_leucotis	1|Pyrrhura_leucotis|Pyrrhura_leucotis	4e-06	1	Pyrrhura	0.6	0	0.3897	0.2103	0.4673
338	True	Pyrrhura_griseipectus	1|Pyrrhura_griseipectus|Pyrrhura_griseipectus	4e-06	1	Pyrrhura	0.1832	0	0.3897	-0.2065	0.4673
339	False	node339	4|Pyrrhura_melanura|Pyrrhura_rupicola	11.95	4	Pyrrhura	0.2936	0.1428	0.2923	0.001293	0.38
340	False	node340	3|Pyrrhura_melanura|Pyrrhura_rupicola	1.984	3	Pyrrhura	0.2168	0.1082	0.2936	-0.07675	9.966
341	True	Pyrrhura_rupicola	1|Pyrrhura_rupicola|Pyrrhura_rupicola	4e-06	1	Pyrrhura	0.3472	9.696e-08	0.2168	0.1304	1.984
342	False	node342	2|Pyrrhura_melanura|Pyrrhura_rhodocephala	0.9005	2	Pyrrhura	0.1373	0.07505	0.2168	-0.07955	1.083
343	True	Pyrrhura_melanura	1|Pyrrhura_melanura|Pyrrhura_melanura	4e-06	1	Pyrrhura	0.07026	9.906e-08	0.1373	-0.067	0.9005
344	True	Pyrrhura_rhodocephala	1|Pyrrhura_rhodocephala|Pyrrhura_rhodocephala	4e-06	1	Pyrrhura	0.1381	9.906e-08	0.1373	0.0008748	0.9005
345	True	Pyrrhura_perlata	1|Pyrrhura_perlata|Pyrrhura_perlata	4e-06	1	Pyrrhura	0.4263	7.469e-08	0.2936	0.1327	11.95
346	False	node346	3|Deroptyus_accipitrinus|Pionites_melanocephalus	1.943	3	Deroptyus;Pionites	0.2834	0.1066	0.2698	0.01357	11.53
347	True	Deroptyus_accipitrinus	1|Deroptyus_accipitrinus|Deroptyus_accipitrinus	3e-06	1	Deroptyus	0.2148	8.504e-08	0.2834	-0.06857	1.943
348	False	node348	2|Pionites_leucogaster|Pionites_melanocephalus	0.9717	2	Pionites	0.3188	0.07728	0.2834	0.03543	0.9716
349	True	Pionites_melanocephalus	1|Pionites_melanocephalus|Pionites_melanocephalus	3e-06	1	Pionites	0.3615	1.181e-07	0.3188	0.04264	0.9717
350	True	Pionites_leucogaster	1|Pionites_leucogaster|Pionites_leucogaster	3e-06	1	Pionites	0.3116	1.145e-07	0.3188	-0.007211	0.9717
351	False	node351	4|Forpus_coelestis|Forpus_spengeli	22.94	4	Forpus	0.0751	0.1801	0.0794	-0.004294	0.2946
352	True	Forpus_spengeli	1|Forpus_spengeli|Forpus_spengeli	3e-06	1	Forpus	0.3854	6.013e-08	0.0751	0.3103	22.94
353	False	node353	3|Forpus_coelestis|Forpus_passerinus	22.05	3	Forpus	0.05026	0.1938	0.0751	-0.02484	0.8839
354	True	Forpus_cyanopygius	1|Forpus_cyanopygius|Forpus_cyanopygius	3e-06	1	Forpus	0.05846	4.545e-08	0.05026	0.008195	22.05
355	False	node355	2|Forpus_coelestis|Forpus_passerinus	20.87	2	Forpus	0.0167	0.2138	0.05026	-0.03356	1.178
356	True	Forpus_passerinus	1|Forpus_passerinus|Forpus_passerinus	3e-06	1	Forpus	-0.2045	5.749e-08	0.0167	-0.2212	20.87
357	True	Forpus_coelestis	1|Forpus_coelestis|Forpus_coelestis	3e-06	1	Forpus	-0.3566	4.979e-08	0.0167	-0.3733	20.87
358	False	node358	3|Bolborhynchus_lineola|Psilopsiagon_aymara	10.53	3	Bolborhynchus;Psilopsiagon	-0.08457	0.2275	0.06995	-0.1545	14.73
359	False	node359	2|Psilopsiagon_aurifrons|Psilopsiagon_aymara	5.263	2	Psilopsiagon	-0.1946	0.1768	-0.08457	-0.11	5.263
360	True	Psilopsiagon_aymara	1|Psilopsiagon_aymara|Psilopsiagon_aymara	3e-06	1	Psilopsiagon	-0.3351	3.803e-08	-0.1946	-0.1405	5.263
361	True	Psilopsiagon_aurifrons	1|Psilopsiagon_aurifrons|Psilopsiagon_aurifrons	3e-06	1	Psilopsiagon	-0.164	2.49e-08	-0.1946	0.03053	5.263
362	True	Bolborhynchus_lineola	1|Bolborhynchus_lineola|Bolborhynchus_lineola	3e-06	1	Bolborhynchus	0.02508	5.378e-08	-0.08457	0.1097	10.53
363	False	node363	9|Poicephalus_cryptoxanthus|Psittacus_timneh	24.11	9	Poicephalus;Psittacus	0.2191	0.2125	0.09916	0.1199	7.926
364	False	node364	7|Poicephalus_cryptoxanthus|Poicephalus_senegalus	23.54	7	Poicephalus	0.2289	0.2084	0.2191	0.009807	0.5737
365	True	Poicephalus_cryptoxanthus	1|Poicephalus_cryptoxanthus|Poicephalus_cryptoxanthus	3e-06	1	Poicephalus	0.2227	3.521e-08	0.2289	-0.0062	23.54
366	False	node366	6|Poicephalus_gulielmi|Poicephalus_senegalus	22.97	6	Poicephalus	0.2388	0.2075	0.2289	0.009958	0.5737
367	True	Poicephalus_rueppellii	1|Poicephalus_rueppellii|Poicephalus_rueppellii	3e-06	1	Poicephalus	0.1196	4.658e-08	0.2388	-0.1192	22.97
368	False	node368	5|Poicephalus_gulielmi|Poicephalus_senegalus	21.82	5	Poicephalus	0.2647	0.2103	0.2388	0.02587	1.147
369	False	node369	2|Poicephalus_gulielmi|Poicephalus_robustus	1.648	2	Poicephalus	0.1465	0.1076	0.2647	-0.1182	20.17
370	True	Poicephalus_gulielmi	1|Poicephalus_gulielmi|Poicephalus_gulielmi	3e-06	1	Poicephalus	0.2151	0	0.1465	0.06856	1.648
371	True	Poicephalus_robustus	1|Poicephalus_robustus|Poicephalus_robustus	3e-06	1	Poicephalus	0.06829	0	0.1465	-0.07822	1.648
372	False	node372	3|Poicephalus_meyeri|Poicephalus_senegalus	20.67	3	Poicephalus	0.2973	0.2173	0.2647	0.0326	1.147
373	True	Poicephalus_rufiventris	1|Poicephalus_rufiventris|Poicephalus_rufiventris	3e-06	1	Poicephalus	0.4161	3.371e-08	0.2973	0.1188	20.67
374	False	node374	2|Poicephalus_meyeri|Poicephalus_senegalus	19.52	2	Poicephalus	0.3233	0.2296	0.2973	0.026	1.147
375	True	Poicephalus_meyeri	1|Poicephalus_meyeri|Poicephalus_meyeri	3e-06	1	Poicephalus	0.5565	4.43e-08	0.3233	0.2332	19.52
376	True	Poicephalus_senegalus	1|Poicephalus_senegalus|Poicephalus_senegalus	3e-06	1	Poicephalus	0.5325	1.76e-08	0.3233	0.2092	19.52
377	False	node377	2|Psittacus_erithacus|Psittacus_timneh	12.06	2	Psittacus	0.1954	0.2519	0.2191	-0.02369	12.06
378	True	Psittacus_erithacus	1|Psittacus_erithacus|Psittacus_erithacus	3e-06	1	Psittacus	0.2434	0	0.1954	0.04802	12.06
379	True	Psittacus_timneh	1|Psittacus_timneh|Psittacus_timneh	3e-06	1	Psittacus	0.1237	0	0.1954	-0.07171	12.06
380	False	node380	14|Cacatua_alba|Zanda_funerea	36.6	14	Cacatua;Calyptorhynchus;Eolophus;Nymphicus;Probosciger;Zanda	0.08235	0.2552	0.02113	0.06122	4.16
381	False	node381	11|Cacatua_alba|Probosciger_aterrimus	32.44	11	Cacatua;Eolophus;Probosciger	0.1144	0.2756	0.08235	0.03204	4.16
382	True	Probosciger_aterrimus	1|Probosciger_aterrimus|Probosciger_aterrimus	3e-06	1	Probosciger	0.0219	0	0.1144	-0.09248	32.44
383	False	node383	10|Cacatua_alba|Eolophus_roseicapilla	24.12	10	Cacatua;Eolophus	0.2022	0.262	0.1144	0.0878	8.32
384	True	Eolophus_roseicapilla	1|Eolophus_roseicapilla|Eolophus_roseicapilla	3e-06	1	Eolophus	0.2182	7.258e-08	0.2022	0.01602	24.12
385	False	node385	9|Cacatua_alba|Cacatua_tenuirostris	19.96	9	Cacatua	0.2433	0.2312	0.2022	0.04113	4.16
386	True	Cacatua_ducorpsii	1|Cacatua_ducorpsii|Cacatua_ducorpsii	3e-06	1	Cacatua	0.1025	0	0.2433	-0.1408	19.96
387	True	Cacatua_tenuirostris	1|Cacatua_tenuirostris|Cacatua_tenuirostris	3e-06	1	Cacatua	0.3615	0	0.2433	0.1182	19.96
388	False	node388	7|Cacatua_alba|Cacatua_sulphurea	15.8	7	Cacatua	0.2892	0.2316	0.2433	0.04585	4.16
389	False	node389	2|Cacatua_haematuropygia|Cacatua_sanguinea	11.64	2	Cacatua	0.3333	0.2313	0.2892	0.0441	4.16
390	True	Cacatua_haematuropygia	1|Cacatua_haematuropygia|Cacatua_haematuropygia	3e-06	1	Cacatua	0.01106	8.743e-08	0.3333	-0.3222	11.64
391	True	Cacatua_sanguinea	1|Cacatua_sanguinea|Cacatua_sanguinea	3e-06	1	Cacatua	0.7789	9.642e-08	0.3333	0.4456	11.64
392	False	node392	5|Cacatua_alba|Cacatua_sulphurea	2.49	5	Cacatua	0.2947	0.1083	0.2892	0.005577	13.31
393	False	node393	3|Cacatua_alba|Cacatua_ophthalmica	1.66	3	Cacatua	0.2397	0.08983	0.2947	-0.05506	0.83
394	True	Cacatua_ophthalmica	1|Cacatua_ophthalmica|Cacatua_ophthalmica	3e-06	1	Cacatua	0.2137	5.926e-08	0.2397	-0.02598	1.66
395	False	node395	2|Cacatua_alba|Cacatua_moluccensis	0.8301	2	Cacatua	0.1976	0.07014	0.2397	-0.04207	0.83
396	True	Cacatua_moluccensis	1|Cacatua_moluccensis|Cacatua_moluccensis	3e-06	1	Cacatua	0.02694	0	0.1976	-0.1707	0.8301
397	True	Cacatua_alba	1|Cacatua_alba|Cacatua_alba	3e-06	1	Cacatua	0.3262	9.091e-08	0.1976	0.1286	0.8301
398	False	node398	2|Cacatua_galerita|Cacatua_sulphurea	1.245	2	Cacatua	0.3778	0.08566	0.2947	0.08311	1.245
399	True	Cacatua_sulphurea	1|Cacatua_sulphurea|Cacatua_sulphurea	3e-06	1	Cacatua	0.3894	5.749e-08	0.3778	0.01151	1.245
400	True	Cacatua_galerita	1|Cacatua_galerita|Cacatua_galerita	3e-06	1	Cacatua	0.4495	7.258e-08	0.3778	0.07161	1.245
401	False	node401	3|Calyptorhynchus_lathami|Zanda_funerea	25.23	3	Calyptorhynchus;Nymphicus;Zanda	0.1621	0.3081	0.08235	0.07973	11.37
402	True	Nymphicus_hollandicus	1|Nymphicus_hollandicus|Nymphicus_hollandicus	3e-06	1	Nymphicus	-0.0007412	3.214e-08	0.1621	-0.1628	25.23
403	False	node403	2|Calyptorhynchus_lathami|Zanda_funerea	13.86	2	Calyptorhynchus;Zanda	0.3152	0.2761	0.1621	0.1531	11.37
404	True	Calyptorhynchus_lathami	1|Calyptorhynchus_lathami|Calyptorhynchus_lathami	3e-06	1	Calyptorhynchus	0.5227	3.803e-08	0.3152	0.2075	13.86
405	True	Zanda_funerea	1|Zanda_funerea|Zanda_funerea	3e-06	1	Zanda	0.2943	2.875e-08	0.3152	-0.02082	13.86
406	False	node406	2|Nestor_meridionalis|Nestor_notabilis	10.19	2	Nestor	-0.1756	0.2584	-0.006744	-0.1689	36.61
407	True	Nestor_notabilis	1|Nestor_notabilis|Nestor_notabilis	3e-06	1	Nestor	-0.2531	0	-0.1756	-0.07743	10.19
408	True	Nestor_meridionalis	1|Nestor_meridionalis|Nestor_meridionalis	3e-06	1	Nestor	-0.1452	0	-0.1756	0.03042	10.19
