species	tree_species	assembly_name_or_tolid	ncbi_accession_version	source	file_or_reference	assembly_level_reported	total_length_bp	n_scaffolds	scaffold_n50_bp	n_contigs	contig_n50_bp	busco_complete_pct	annotation	verification_status	retrieved
Amazona ochrocephala	Amazona ochrocephala	bAmaOch1	to_verify_in_NCBI	GenomeArk/VGP S3 listing	bAmaOch1.hap1.cur.04022024.fa.gz	chromosome-scale curated (VGP)							to_verify	verified_on_genomeark_s3	2026-09-25
Anodorhynchus hyacinthinus	Anodorhynchus hyacinthinus	bAnoHya1	to_verify_in_NCBI	GenomeArk/VGP S3 listing		VGP assembly in progress (only intermediate files public)							to_verify	verified_on_genomeark_s3	2026-09-25
Ara ararauna	Ara ararauna	bAraAra1	to_verify_in_NCBI	GenomeArk/VGP S3 listing	bAraAra1.hap1.cur.20230118.fasta.gz	chromosome-scale curated (VGP)	1224360198	246	110438430	353	38811057		to_verify	verified_on_genomeark_s3	2026-09-25
Guaruba guarouba	Guaruba guarouba	bGuaGua1	to_verify_in_NCBI	GenomeArk/VGP S3 listing	bGuaGua1.0.20240802.cur.h1.fasta.gz	chromosome-scale curated (VGP)							to_verify	verified_on_genomeark_s3	2026-09-25
Lathamus discolor	Lathamus discolor	bLatDis1	to_verify_in_NCBI	GenomeArk/VGP S3 listing	bLatDis1.hap1.cur.20230710.fasta.gz	chromosome-scale curated (VGP)							to_verify	verified_on_genomeark_s3	2026-09-25
Melopsittacus undulatus	Melopsittacus undulatus	bMelUnd1	to_verify_in_NCBI	GenomeArk/VGP S3 listing	bMelUnd1.mat.Z.cur.20200204.fasta.gz	chromosome-scale curated (VGP)							to_verify	verified_on_genomeark_s3	2026-09-25
Psittacula echo	Psittacula eques	bPsiEch3	to_verify_in_NCBI	GenomeArk/VGP S3 listing	bPsiEch3.pri.cur.20230817.fasta.gz	chromosome-scale curated (VGP)	1203831919	172	106987384	530	5922112		to_verify	verified_on_genomeark_s3	2026-09-25
Psittacula krameri	Psittacula krameri	bPsiKra1	to_verify_in_NCBI	GenomeArk/VGP S3 listing	bPsiKra1.hap1.cur.20260912.fasta.gz	chromosome-scale curated (VGP)	1307553748	111	107783655	282	20244165		to_verify	verified_on_genomeark_s3	2026-09-25
Strigops habroptilus	Strigops habroptila	bStrHab1	to_verify_in_NCBI	GenomeArk/VGP S3 listing	bStrHab1.pri.cur.20191108.fasta.gz	chromosome-scale curated (VGP)	1148597545	89	83240647		9454087		to_verify	verified_on_genomeark_s3	2026-09-25
Amazona aestiva	Amazona aestiva		to_verify_in_NCBI	Wirthlin et al. 2018 Curr Biol	doi:10.1016/j.cub.2018.10.050	high-coverage annotated draft (per article abstract)							reported annotated	reported_in_literature_unverified	2026-09-25
Ara macao	Ara macao		to_verify_in_NCBI	Seabury et al. 2013 PLoS ONE (multi-platform draft)	to_verify	draft scaffold							to_verify	from_prior_knowledge_unverified	2026-09-25
Nestor notabilis	Nestor notabilis		to_verify_in_NCBI	Avian Phylogenomics Consortium (Jarvis et al. 2014; Zhang et al. 2014)	to_verify	short-read draft							to_verify	from_prior_knowledge_unverified	2026-09-25
Amazona vittata	Amazona vittata		to_verify_in_NCBI	Oleksyk et al. 2012 (Puerto Rican parrot genome project)	PMC3626513	short-read draft							to_verify	reported_in_literature_unverified	2026-09-25
Cacatua galerita	Cacatua galerita		GCA_035583095.1	web search summary (Genomic and acoustic biogeography of the sulphur-crested cockatoo, MBE 2024)	doi:10.1093/molbev/msae222	chromosome-level (reported)							to_verify	accession_reported_in_web_search_unverified	2026-09-25
Cacatua sanguinea	Cacatua sanguinea		GCA_030265285.1	web search summary	to_verify	unknown							to_verify	accession_reported_in_web_search_unverified	2026-09-25
Cacatua ducorpsii	Cacatua ducorpsii		GCA_025448155.1	web search summary	to_verify	unknown							to_verify	accession_reported_in_web_search_unverified	2026-09-25
Cacatua tenuirostris	Cacatua tenuirostris		GCA_030265375.1	web search summary	to_verify	unknown							to_verify	accession_reported_in_web_search_unverified	2026-09-25
Psitteuteles goldiei	Psitteuteles goldiei	ASM1001487v1	GCA_010014875.1	NCBI Datasets page title (web search)	https://ncbi.nlm.nih.gov/datasets/genome/GCA_010014875.1/	short-read draft (likely Hains et al. batch)							to_verify	accession_reported_in_web_search_unverified	2026-09-25
Agapornis roseicollis	Agapornis roseicollis		to_verify_in_NCBI	van der Zwan et al. 2018 Anim Biotechnol (SOAPdenovo, ~1.1 Gb, 16,044 genes)	doi:10.1080/10495398.2017.1367692	short-read draft							reported annotated	reported_in_literature_unverified	2026-09-25
Agapornis spp. (all 9 species)	Agapornis spp. (all 9 species)		to_verify_in_NCBI	Full genomes of all nine lovebird species, Sci Data 2025	https://www.nature.com/articles/s41597-025-05316-x	to_verify							to_verify	reported_in_literature_unverified	2026-09-25
Platycercus elegans	Platycercus elegans		to_verify_in_NCBI	Draft genome of the crimson rosella, BMC Genomic Data 2025	https://link.springer.com/article/10.1186/s12863-025-01373-8	draft							to_verify	reported_in_literature_unverified	2026-09-25
Cyanopsitta spixii	Cyanopsitta spixii		to_verify_in_NCBI	Biodiversity Genomes (Spix's macaw)	https://biodiversitygenomes.scholasticahq.com/article/37839	short-read (Pirro/Hackett series)							to_verify	reported_in_literature_unverified	2026-09-25
Psittaciformes: 94 species, 40 genera (batch)	Psittaciformes: 94 species, 40 genera (batch)		to_verify_in_NCBI	Hains et al. 2022 Biodiversity Genomes	doi:10.56179/001c.40338	short-read draft (Illumina 2x150, SPAdes + Zanfona; single individuals)							none reported	species_list_not_yet_retrieved	2026-09-25
Psittaciformes: 22 species incl. Nymphicus hollandicus, Cacatua leadbeateri (batch)	Psittaciformes: 22 species incl. Nymphicus hollandicus, Cacatua leadbeateri (batch)		to_verify_in_NCBI	The complete genome sequences of 22 parrot species, F1000Research 9:1318	https://f1000research.com/articles/9-1318	short-read draft							none reported	species_list_not_yet_retrieved	2026-09-25
