genus	n	family	mean_rel_logLE	min_rel	max_rel	median_LE_years	genome_species
Alipiopsitta	1	Psittacidae	0.5862	0.5862	0.5862	21.72	0
Calyptorhynchus	1	Cacatuidae	0.5227	0.5227	0.5227	22.88	0
Psittacara	8	Psittacidae	0.5025	0.3578	0.7407	16.62	0
Coracopsis	2	Psittacidae	0.3934	0.3922	0.3946	19.49	0
Oreopsittacus	1	Psittacidae	0.3794	0.3794	0.3794	6.868	0
Ara	5	Psittacidae	0.3728	0.2299	0.6179	25.63	2
Primolius	3	Psittacidae	0.3545	0.2232	0.4302	17.66	0
Pionites	2	Psittacidae	0.3365	0.3116	0.3615	14.03	0
Anodorhynchus	2	Psittacidae	0.3279	0.0992	0.5566	27	1
Eupsittula	3	Psittacidae	0.3127	0.168	0.408	11.68	0
Pyrrhura	12	Psittacidae	0.3094	0.01414	0.6	9.985	0
Poicephalus	7	Psittacidae	0.3044	0.06829	0.5565	14.2	0
Aratinga	4	Psittacidae	0.3043	0.1051	0.4581	12.74	0
Pionopsitta	1	Psittacidae	0.3023	0.3023	0.3023	11.8	0
Cacatua	9	Cacatuidae	0.2955	0.01106	0.7789	19.88	4
Zanda	1	Cacatuidae	0.2943	0.2943	0.2943	21.46	0
Amazona	21	Psittacidae	0.2868	-0.398	0.6661	18	3
Cyanoliseus	1	Psittacidae	0.2513	0.2513	0.2513	15.27	0
Diopsittaca	2	Psittacidae	0.2469	0.1511	0.3427	13.06	0
Phigys	1	Psittacidae	0.234	0.234	0.234	10.55	0
Eolophus	1	Cacatuidae	0.2182	0.2182	0.2182	16.01	0
Deroptyus	1	Psittacidae	0.2148	0.2148	0.2148	14.66	0
Guaruba	1	Psittacidae	0.2111	0.2111	0.2111	14.42	1
Psittacus	2	Psittacidae	0.1835	0.1237	0.2434	16.43	0
Psittacula	9	Psittacidae	0.1646	-0.7907	0.7135	11.42	1
Brotogeris	5	Psittacidae	0.1265	-0.2303	0.5986	7.508	0
Loriculus	3	Psittacidae	0.1076	-0.1712	0.3005	7.233	0
Neopsittacus	2	Psittacidae	0.06307	-0.03259	0.1587	6.593	0
Chalcopsitta	4	Psittacidae	0.04218	-0.1131	0.2316	11.39	0
Bolborhynchus	1	Psittacidae	0.02508	0.02508	0.02508	6.929	0
Probosciger	1	Cacatuidae	0.0219	0.0219	0.0219	16.64	0
Lorius	4	Psittacidae	0.017	-0.1992	0.2117	11.18	0
Eclectus	1	Psittacidae	0.009687	0.009687	0.009687	14.08	0
Nymphicus	1	Cacatuidae	-0.0007412	-0.0007412	-0.0007412	8.268	0
Eunymphicus	1	Psittacidae	-0.01476	-0.01476	-0.01476	8.96	0
Forpus	4	Psittacidae	-0.02928	-0.3566	0.3854	5.175	0
Agapornis	7	Psittacidae	-0.03426	-0.197	0.1935	5.787	1
Aprosmictus	1	Psittacidae	-0.04606	-0.04606	-0.04606	9.378	0
Trichoglossus	12	Psittacidae	-0.05802	-0.2555	0.07662	7.753	0
Psephotellus	3	Psittacidae	-0.05893	-0.2662	0.08392	6.736	0
Barnardius	1	Psittacidae	-0.06706	-0.06706	-0.06706	8.847	0
Pseudeos	1	Psittacidae	-0.06847	-0.06847	-0.06847	9.257	0
Pionus	5	Psittacidae	-0.07769	-0.4797	0.2461	12.26	0
Psitteuteles	3	Psittacidae	-0.07872	-0.3547	0.2776	5.765	1
Neopsephotus	1	Psittacidae	-0.08005	-0.08005	-0.08005	5.886	0
Rhynchopsitta	1	Psittacidae	-0.1277	-0.1277	-0.1277	11.36	0
Vini	2	Psittacidae	-0.1367	-0.4641	0.1906	5.921	0
Enicognathus	1	Psittacidae	-0.1404	-0.1404	-0.1404	9.922	0
Psephotus	1	Psittacidae	-0.154	-0.154	-0.154	6.243	0
Cyclopsitta	1	Psittacidae	-0.1547	-0.1547	-0.1547	5.308	0
Glossopsitta	3	Psittacidae	-0.1614	-0.4664	0.0296	5.755	0
Platycercus	4	Psittacidae	-0.1629	-0.2587	-0.04988	7.068	0
Northiella	1	Psittacidae	-0.1661	-0.1661	-0.1661	6.435	0
Nestor	2	Strigopidae	-0.1991	-0.2531	-0.1452	13.04	1
Myiopsitta	1	Psittacidae	-0.2116	-0.2116	-0.2116	7.117	0
Triclaria	1	Psittacidae	-0.2159	-0.2159	-0.2159	7.676	0
Eos	5	Psittacidae	-0.2172	-0.5542	0.0005541	9.305	0
Polytelis	3	Psittacidae	-0.2273	-0.2824	-0.1257	7.809	0
Psilopsiagon	2	Psittacidae	-0.2496	-0.3351	-0.164	4.529	0
Alisterus	2	Psittacidae	-0.2517	-0.3696	-0.1338	7.933	0
Melopsittacus	1	Psittacidae	-0.2882	-0.2882	-0.2882	4.567	1
Psittinus	1	Psittacidae	-0.3738	-0.3738	-0.3738	5.42	0
Charmosyna	5	Psittacidae	-0.3817	-0.6898	-0.1143	5.331	0
Cyanoramphus	4	Psittacidae	-0.3915	-0.6238	-0.1737	5.26	0
Neophema	5	Psittacidae	-0.3938	-0.6488	-0.2247	4.238	0
Purpureicephalus	1	Psittacidae	-0.4231	-0.4231	-0.4231	5.7	0
Psittrichas	1	Psittacidae	-0.447	-0.447	-0.447	10.82	0
Orthopsittaca	1	Psittacidae	-0.5775	-0.5775	-0.5775	7.298	0
Lathamus	1	Psittacidae	-0.6909	-0.6909	-0.6909	3.747	1
Psittaculirostris	3	Psittacidae	-0.7337	-1.428	-0.2603	5.131	0
Tanygnathus	3	Psittacidae	-0.7715	-1.294	-0.3819	5.878	0
