direction	label	genera	n_desc_tips	age_myr	branch_length_myr	parent_est	est_rel_logLE	branch_change	se
increase	Psittacula_roseata	Psittacula	1	3e-06	8.527	0.09008	0.7135	0.6234	9.37e-08
increase	Oreopsittacus_arfaki	Oreopsittacus	1	3e-06	8.102	-0.09415	0.3794	0.4736	1.001e-07
increase	Cacatua_sanguinea	Cacatua	1	3e-06	11.64	0.3333	0.7789	0.4456	9.642e-08
increase	Psittacara_finschi	Psittacara	1	3e-06	10.05	0.2744	0.7122	0.4378	0
increase	Amazona_vittata	Amazona	1	3e-06	10.24	0.2383	0.6209	0.3826	0
increase	Phigys_solitarius	Phigys	1	3e-06	6.024	-0.1485	0.234	0.3825	7.606e-08
increase	Coracopsis_nigra	Coracopsis	1	3e-06	34.02	0.01551	0.3946	0.3791	2.689e-08
increase	Coracopsis_vasa	Coracopsis	1	3e-06	34.02	0.01551	0.3922	0.3767	4.43e-08
increase	Psittacula_eupatria	Psittacula	1	3e-06	8.527	0.09008	0.4535	0.3634	9.147e-08
increase	Alipiopsitta_xanthops	Alipiopsitta	1	3e-06	10.8	0.2251	0.5862	0.3611	4.065e-08
increase	Psittacula_columboides	Psittacula	1	3e-06	3.411	-0.0729	0.2752	0.3481	9.425e-08
increase	Vini_australis	Vini	1	3e-06	5.875	-0.1479	0.1906	0.3386	9.034e-08
increase	Psittacula_krameri	Psittacula	1	3e-06	4.548	-0.05151	0.2743	0.3258	6.818e-08
increase	Brotogeris_chrysoptera	Brotogeris	1	3e-06	3.159	0.2765	0.5986	0.3221	0
increase	Forpus_spengeli	Forpus	1	3e-06	22.94	0.0751	0.3854	0.3103	6.013e-08
increase	Psitteuteles_iris	Psitteuteles	1	1e-06	1.463	-0.02594	0.2776	0.3035	1.511e-07
increase	Psittacula_alexandri	Psittacula	1	3e-06	1.137	-0.05759	0.2449	0.3024	1.046e-07
increase	Loriculus_vernalis	Loriculus	1	3e-06	22.17	-0.00147	0.3005	0.3019	1.49e-07
increase	Amazona_finschi	Amazona	1	3e-06	5.891	0.3713	0.6661	0.2947	0
increase	Pyrrhura_pacifica	Pyrrhura	1	4e-06	12.9	0.2827	0.5764	0.2938	0
decrease	Psittaculirostris_desmarestii	Psittaculirostris	1	3e-06	28.53	-0.3125	-1.428	-1.115	1.737e-07
decrease	Orthopsittaca_manilatus	Orthopsittaca	1	4e-06	8.803	0.2401	-0.5775	-0.8176	0
decrease	Tanygnathus_megalorynchos	Tanygnathus	1	3e-06	3.411	-0.6084	-1.294	-0.6861	1.104e-07
decrease	Amazona_agilis	Amazona	1	3e-06	10.24	0.2383	-0.398	-0.6363	0
decrease	Psittacula_longicauda	Psittacula	1	3e-06	2.274	-0.2103	-0.7907	-0.5803	1.145e-07
decrease	Pionus_fuscus	Pionus	1	3e-06	7.9	0.06492	-0.4797	-0.5446	0
decrease	Charmosyna_stellae	Charmosyna	1	3e-06	7.141	-0.1612	-0.6898	-0.5286	1.375e-07
decrease	Charmosyna_pulchella	Charmosyna	1	3e-06	6.323	-0.1686	-0.6736	-0.505	8.564e-08
decrease	node165	Tanygnathus	3	3.411	3.411	-0.1192	-0.6084	-0.4892	0.1159
decrease	Psittrichas_fulgidus	Psittrichas	1	3e-06	35.08	-0.008052	-0.447	-0.439	0
decrease	Eos_cyanogenia	Eos	1	1e-06	1.885	-0.1237	-0.5542	-0.4305	1.787e-07
decrease	Enicognathus_leptorhynchus	Enicognathus	1	3e-06	10.47	0.2497	-0.1404	-0.3901	0
decrease	Rhynchopsitta_pachyrhyncha	Rhynchopsitta	1	3e-06	10.64	0.2459	-0.1277	-0.3736	0
decrease	Forpus_coelestis	Forpus	1	3e-06	20.87	0.0167	-0.3566	-0.3733	4.979e-08
decrease	Glossopsitta_porphyrocephala	Glossopsitta	1	3e-06	4.215	-0.1144	-0.4664	-0.3521	9.696e-08
decrease	Pionus_seniloides	Pionus	1	3e-06	5.863	0.007242	-0.3423	-0.3495	0
decrease	Triclaria_malachitacea	Triclaria	1	3e-06	13.99	0.129	-0.2159	-0.3449	0
decrease	Lathamus_discolor	Lathamus	1	3e-06	10.44	-0.3569	-0.6909	-0.3339	1.211e-07
decrease	Cacatua_haematuropygia	Cacatua	1	3e-06	11.64	0.3333	0.01106	-0.3222	8.743e-08
decrease	Vini_peruviana	Vini	1	3e-06	5.875	-0.1479	-0.4641	-0.3162	9.034e-08
