species	tree_tip	family	genus	log_life_expectancy	log_body_mass	rel_log_life_expectancy	genome_best_tier
Melopsittacus undulatus	Melopsittacus_undulatus	Psittacidae	Melopsittacus	1.5188	3.6329	-0.28818	chromosome_scale
Pseudeos fuscata	Pseudeos_fuscata	Psittacidae	Pseudeos	2.2253	5.0275	-0.068467	none_found_in_this_audit
Oreopsittacus arfaki	Oreopsittacus_arfaki	Psittacidae	Oreopsittacus	1.9269	2.8897	0.37943	none_found_in_this_audit
Charmosyna josefinae	Charmosyna_josefinae	Psittacidae	Charmosyna	1.7538	4.2066	-0.25342	none_found_in_this_audit
Charmosyna stellae	Charmosyna_stellae	Psittacidae	Charmosyna	1.4257	4.5167	-0.6898	none_found_in_this_audit
Charmosyna placentis	Charmosyna_placentis	Psittacidae	Charmosyna	1.6735	3.5781	-0.11427	none_found_in_this_audit
Charmosyna papou	Charmosyna_papou	Psittacidae	Charmosyna	1.9138	4.4466	-0.17723	none_found_in_this_audit
Charmosyna pulchella	Charmosyna_pulchella	Psittacidae	Charmosyna	1.1045	3.5503	-0.67358	none_found_in_this_audit
Phigys solitarius	Phigys_solitarius	Psittacidae	Phigys	2.3558	4.5348	0.234	none_found_in_this_audit
Vini australis	Vini_australis	Psittacidae	Vini	2.1034	3.936	0.19065	none_found_in_this_audit
Vini peruviana	Vini_peruviana	Psittacidae	Vini	1.294	3.4931	-0.46413	none_found_in_this_audit
Lorius chlorocercus	Lorius_chlorocercus	Psittacidae	Lorius	2.5075	5.0332	0.2117	none_found_in_this_audit
Lorius lory	Lorius_lory	Psittacidae	Lorius	2.4698	5.2958	0.082344	none_found_in_this_audit
Lorius garrulus	Lorius_garrulus	Psittacidae	Lorius	2.1868	5.2913	-0.19918	none_found_in_this_audit
Lorius domicella	Lorius_domicella	Psittacidae	Lorius	2.3552	5.2801	-0.026861	none_found_in_this_audit
Glossopsitta concinna	Glossopsitta_concinna	Psittacidae	Glossopsitta	2.0975	4.3803	0.029596	none_found_in_this_audit
Glossopsitta porphyrocephala	Glossopsitta_porphyrocephala	Psittacidae	Glossopsitta	1.3913	3.7785	-0.46642	none_found_in_this_audit
Glossopsitta pusilla	Glossopsitta_pusilla	Psittacidae	Glossopsitta	1.75	3.6053	-0.047297	none_found_in_this_audit
Psitteuteles versicolor	Psitteuteles_versicolor	Psittacidae	Psitteuteles	1.5915	4.0319	-0.35471	none_found_in_this_audit
Chalcopsitta duivenbodei	Chalcopsitta_duivenbodei	Psittacidae	Chalcopsitta	2.291	5.3434	-0.11311	none_found_in_this_audit
Chalcopsitta cardinalis	Chalcopsitta_cardinalis	Psittacidae	Chalcopsitta	2.533	5.2808	0.1507	none_found_in_this_audit
Psitteuteles goldiei	Psitteuteles_goldiei	Psittacidae	Psitteuteles	1.7519	3.9307	-0.15903	draft_or_in_progress
Eos squamata	Eos_squamata	Psittacidae	Eos	1.7977	4.6649	-0.36954	none_found_in_this_audit
Eos reticulata	Eos_reticulata	Psittacidae	Eos	2.2313	5.0395	-0.066706	none_found_in_this_audit
Eos cyanogenia	Eos_cyanogenia	Psittacidae	Eos	1.7128	4.9506	-0.5542	none_found_in_this_audit
Eos histrio	Eos_histrio	Psittacidae	Eos	2.2306	5.121	-0.095887	none_found_in_this_audit
Eos bornea	Eos_bornea	Psittacidae	Eos	2.325	5.1153	0.00055411	none_found_in_this_audit
Trichoglossus forsteni	Trichoglossus_forsteni	Psittacidae	Trichoglossus	2.0862	4.5949	-0.056535	none_found_in_this_audit
Trichoglossus johnstoniae	Trichoglossus_johnstoniae	Psittacidae	Trichoglossus	1.9797	3.9083	0.076623	none_found_in_this_audit
Trichoglossus rosenbergii	Trichoglossus_rosenbergii	Psittacidae	Trichoglossus	2.1936	4.6818	0.020481	none_found_in_this_audit
Trichoglossus weberi	Trichoglossus_weberi	Psittacidae	Trichoglossus	2.1668	4.5283	0.047216	none_found_in_this_audit
Trichoglossus moluccanus	Trichoglossus_moluccanus	Psittacidae	Trichoglossus	2.1749	4.935	-0.086665	none_found_in_this_audit
Trichoglossus euteles	Trichoglossus_euteles	Psittacidae	Trichoglossus	1.964	4.3467	-0.092095	none_found_in_this_audit
Trichoglossus capistratus	Trichoglossus_capistratus	Psittacidae	Trichoglossus	2.2747	4.7728	0.069835	none_found_in_this_audit
Trichoglossus chlorolepidotus	Trichoglossus_chlorolepidotus	Psittacidae	Trichoglossus	2.0381	4.5341	-0.083474	none_found_in_this_audit
Trichoglossus haematodus	Trichoglossus_haematodus	Psittacidae	Trichoglossus	2.0017	4.9225	-0.25546	none_found_in_this_audit
Trichoglossus rubritorquis	Trichoglossus_rubritorquis	Psittacidae	Trichoglossus	2.0518	4.8087	-0.16561	none_found_in_this_audit
Psitteuteles iris	Psitteuteles_iris	Psittacidae	Psitteuteles	2.2649	4.1498	0.27756	none_found_in_this_audit
Trichoglossus flavoviridis	Trichoglossus_flavoviridis	Psittacidae	Trichoglossus	1.7989	3.8446	-0.081956	none_found_in_this_audit
Trichoglossus ornatus	Trichoglossus_ornatus	Psittacidae	Trichoglossus	2.0443	4.5666	-0.088647	none_found_in_this_audit
Chalcopsitta atra	Chalcopsitta_atra	Psittacidae	Chalcopsitta	2.3221	5.3963	-0.10045	none_found_in_this_audit
Chalcopsitta scintillata	Chalcopsitta_scintillata	Psittacidae	Chalcopsitta	2.6202	5.299	0.23159	none_found_in_this_audit
Neopsittacus musschenbroekii	Neopsittacus_musschenbroekii	Psittacidae	Neopsittacus	1.8262	3.7816	-0.032595	none_found_in_this_audit
Neopsittacus pullicauda	Neopsittacus_pullicauda	Psittacidae	Neopsittacus	1.9424	3.5662	0.15873	none_found_in_this_audit
Psittaculirostris salvadorii	Psittaculirostris_salvadorii	Psittacidae	Psittaculirostris	1.9315	4.7352	-0.26032	none_found_in_this_audit
Psittaculirostris edwardsii	Psittaculirostris_edwardsii	Psittacidae	Psittaculirostris	1.6354	4.6114	-0.51315	none_found_in_this_audit
Psittaculirostris desmarestii	Psittaculirostris_desmarestii	Psittacidae	Psittaculirostris	0.6814	4.4983	-1.4276	none_found_in_this_audit
Cyclopsitta diophthalma	Cyclopsitta_diophthalma	Psittacidae	Cyclopsitta	1.6693	3.6817	-0.15467	none_found_in_this_audit
Agapornis taranta	Agapornis_taranta	Psittacidae	Agapornis	1.8686	3.8929	-0.029062	none_found_in_this_audit
Agapornis canus	Agapornis_canus	Psittacidae	Agapornis	1.6806	3.4089	-0.048149	none_found_in_this_audit
Agapornis roseicollis	Agapornis_roseicollis	Psittacidae	Agapornis	2.1045	3.9311	0.19347	draft_or_in_progress
Agapornis nigrigenis	Agapornis_nigrigenis	Psittacidae	Agapornis	1.6801	3.7253	-0.15907	none_found_in_this_audit
Agapornis lilianae	Agapornis_lilianae	Psittacidae	Agapornis	1.7555	3.6289	-0.049996	none_found_in_this_audit
Agapornis personatus	Agapornis_personatus	Psittacidae	Agapornis	1.6834	3.8435	-0.19703	none_found_in_this_audit
Agapornis fischeri	Agapornis_fischeri	Psittacidae	Agapornis	1.9341	3.854	0.050005	none_found_in_this_audit
Loriculus vernalis	Loriculus_vernalis	Psittacidae	Loriculus	2.0392	3.4376	0.30048	none_found_in_this_audit
Loriculus philippensis	Loriculus_philippensis	Psittacidae	Loriculus	1.9787	3.5705	0.19357	none_found_in_this_audit
Loriculus galgulus	Loriculus_galgulus	Psittacidae	Loriculus	1.5543	3.3998	-0.17123	none_found_in_this_audit
Lathamus discolor	Lathamus_discolor	Psittacidae	Lathamus	1.3208	4.2195	-0.69089	chromosome_scale
Eunymphicus cornutus	Eunymphicus_cornutus	Psittacidae	Eunymphicus	2.1927	4.7802	-0.014758	none_found_in_this_audit
Cyanoramphus unicolor	Cyanoramphus_unicolor	Psittacidae	Cyanoramphus	1.6294	4.9109	-0.62376	none_found_in_this_audit
Cyanoramphus novaezelandiae	Cyanoramphus_novaezelandiae	Psittacidae	Cyanoramphus	1.69	4.2456	-0.33081	none_found_in_this_audit
Cyanoramphus auriceps	Cyanoramphus_auriceps	Psittacidae	Cyanoramphus	1.7696	4.0234	-0.17368	none_found_in_this_audit
Cyanoramphus malherbi	Cyanoramphus_malherbi	Psittacidae	Cyanoramphus	1.3879	3.6868	-0.43789	none_found_in_this_audit
Psephotus haematonotus	Psephotus_haematonotus	Psittacidae	Psephotus	1.8315	4.1445	-0.15403	none_found_in_this_audit
Northiella haematogaster	Northiella_haematogaster	Psittacidae	Northiella	1.8618	4.2659	-0.16613	none_found_in_this_audit
Barnardius zonarius	Barnardius_zonarius	Psittacidae	Barnardius	2.1801	4.8938	-0.067064	none_found_in_this_audit
Platycercus icterotis	Platycercus_icterotis	Psittacidae	Platycercus	1.7787	4.1148	-0.1965	none_found_in_this_audit
Platycercus eximius	Platycercus_eximius	Psittacidae	Platycercus	1.8979	4.6344	-0.25868	none_found_in_this_audit
Platycercus venustus	Platycercus_venustus	Psittacidae	Platycercus	2.0606	4.5022	-0.049878	none_found_in_this_audit
Platycercus adscitus	Platycercus_adscitus	Psittacidae	Platycercus	2.0102	4.6352	-0.14666	none_found_in_this_audit
Purpureicephalus spurius	Purpureicephalus_spurius	Psittacidae	Purpureicephalus	1.7404	4.6544	-0.42313	none_found_in_this_audit
Psephotellus varius	Psephotellus_varius	Psittacidae	Psephotellus	1.671	4.0062	-0.26622	none_found_in_this_audit
Psephotellus dissimilis	Psephotellus_dissimilis	Psittacidae	Psephotellus	1.9075	3.9051	0.005507	none_found_in_this_audit
Psephotellus chrysopterygius	Psephotellus_chrysopterygius	Psittacidae	Psephotellus	1.9467	3.7928	0.08392	none_found_in_this_audit
Neopsephotus bourkii	Neopsephotus_bourkii	Psittacidae	Neopsephotus	1.7726	3.7639	-0.080054	none_found_in_this_audit
Neophema elegans	Neophema_elegans	Psittacidae	Neophema	1.583	3.8039	-0.2836	none_found_in_this_audit
Neophema chrysostoma	Neophema_chrysostoma	Psittacidae	Neophema	1.417	3.7854	-0.44322	none_found_in_this_audit
Neophema splendida	Neophema_splendida	Psittacidae	Neophema	1.1737	3.6775	-0.64882	none_found_in_this_audit
Neophema chrysogaster	Neophema_chrysogaster	Psittacidae	Neophema	1.637	3.7897	-0.22471	none_found_in_this_audit
Neophema pulchella	Neophema_pulchella	Psittacidae	Neophema	1.4441	3.6494	-0.36859	none_found_in_this_audit
Psittacula eupatria	Psittacula_eupatria	Psittacidae	Psittacula	2.8808	5.4098	0.45353	none_found_in_this_audit
Psittacula roseata	Psittacula_roseata	Psittacidae	Psittacula	2.8136	4.4725	0.71352	none_found_in_this_audit
Tanygnathus lucionensis	Tanygnathus_lucionensis	Psittacidae	Tanygnathus	1.7713	5.3586	-0.63818	none_found_in_this_audit
Tanygnathus sumatranus	Tanygnathus_sumatranus	Psittacidae	Tanygnathus	2.0916	5.5422	-0.38188	none_found_in_this_audit
Tanygnathus megalorynchos	Tanygnathus_megalorynchos	Psittacidae	Tanygnathus	1.3194	5.9443	-1.2945	none_found_in_this_audit
Psittacula krameri	Psittacula_krameri	Psittacidae	Psittacula	2.497	4.8237	0.2743	chromosome_scale
Psittacula longicauda	Psittacula_longicauda	Psittacidae	Psittacula	1.3914	4.7075	-0.79067	none_found_in_this_audit
Psittacula alexandri	Psittacula_alexandri	Psittacidae	Psittacula	2.4614	4.8062	0.24486	none_found_in_this_audit
Psittacula derbiana	Psittacula_derbiana	Psittacidae	Psittacula	2.2674	5.5455	-0.20729	none_found_in_this_audit
Psittacula columboides	Psittacula_columboides	Psittacidae	Psittacula	2.3713	4.4612	0.27524	none_found_in_this_audit
Psittinus cyanurus	Psittinus_cyanurus	Psittacidae	Psittinus	1.6901	4.3688	-0.37375	none_found_in_this_audit
Psittacula cyanocephala	Psittacula_cyanocephala	Psittacidae	Psittacula	2.2937	4.2537	0.27004	none_found_in_this_audit
Psittacula himalayana	Psittacula_himalayana	Psittacidae	Psittacula	2.4352	4.7216	0.24816	none_found_in_this_audit
Eclectus roratus	Eclectus_roratus	Psittacidae	Eclectus	2.6446	6.0045	0.0096869	none_found_in_this_audit
Polytelis swainsonii	Polytelis_swainsonii	Psittacidae	Polytelis	1.9759	4.9258	-0.28241	none_found_in_this_audit
Alisterus amboinensis	Alisterus_amboinensis	Psittacidae	Alisterus	1.9963	5.2341	-0.36962	none_found_in_this_audit
Aprosmictus erythropterus	Aprosmictus_erythropterus	Psittacidae	Aprosmictus	2.2384	5.0007	-0.046061	none_found_in_this_audit
Polytelis alexandrae	Polytelis_alexandrae	Psittacidae	Polytelis	2.0553	4.7044	-0.12567	none_found_in_this_audit
Alisterus chloropterus	Alisterus_chloropterus	Psittacidae	Alisterus	2.1406	4.972	-0.13381	none_found_in_this_audit
Polytelis anthopeplus	Polytelis_anthopeplus	Psittacidae	Polytelis	2.0601	5.1428	-0.27395	none_found_in_this_audit
Psittrichas fulgidus	Psittrichas_fulgidus	Psittacidae	Psittrichas	2.3814	6.5589	-0.44704	none_found_in_this_audit
Coracopsis vasa	Coracopsis_vasa	Psittacidae	Coracopsis	3.0641	6.1104	0.39221	none_found_in_this_audit
Coracopsis nigra	Coracopsis_nigra	Psittacidae	Coracopsis	2.8662	5.5367	0.39457	none_found_in_this_audit
Pionopsitta pileata	Pionopsitta_pileata	Psittacidae	Pionopsitta	2.4679	4.6603	0.30228	none_found_in_this_audit
Triclaria malachitacea	Triclaria_malachitacea	Psittacidae	Triclaria	2.0381	4.9135	-0.2159	none_found_in_this_audit
Pionus senilis	Pionus_senilis	Psittacidae	Pionus	2.5063	5.3698	0.093018	none_found_in_this_audit
Pionus menstruus	Pionus_menstruus	Psittacidae	Pionus	2.5407	5.4644	0.094337	none_found_in_this_audit
Pionus seniloides	Pionus_seniloides	Psittacidae	Pionus	2.1163	5.4993	-0.34226	none_found_in_this_audit
Pionus fuscus	Pionus_fuscus	Psittacidae	Pionus	1.9089	5.299	-0.47968	none_found_in_this_audit
Pionus maximiliani	Pionus_maximiliani	Psittacidae	Pionus	2.7034	5.4957	0.24614	none_found_in_this_audit
Amazona agilis	Amazona_agilis	Psittacidae	Amazona	2.0051	5.3403	-0.39799	none_found_in_this_audit
Amazona vittata	Amazona_vittata	Psittacidae	Amazona	3.106	5.5755	0.6209	draft_or_in_progress
Amazona lilacina	Amazona_lilacina	Psittacidae	Amazona	2.8266	5.8132	0.25846	none_found_in_this_audit
Amazona albifrons	Amazona_albifrons	Psittacidae	Amazona	2.9055	5.3349	0.50434	none_found_in_this_audit
Amazona xantholora	Amazona_xantholora	Psittacidae	Amazona	2.7509	5.2544	0.3779	none_found_in_this_audit
Amazona ventralis	Amazona_ventralis	Psittacidae	Amazona	2.8865	5.5827	0.3988	none_found_in_this_audit
Amazona vinacea	Amazona_vinacea	Psittacidae	Amazona	2.5664	5.8766	-0.023904	none_found_in_this_audit
Amazona collaria	Amazona_collaria	Psittacidae	Amazona	2.5449	5.4198	0.1141	none_found_in_this_audit
Amazona leucocephala	Amazona_leucocephala	Psittacidae	Amazona	2.8905	5.56	0.41077	none_found_in_this_audit
Amazona ochrocephala	Amazona_ochrocephala	Psittacidae	Amazona	3.1874	6.0957	0.52066	chromosome_scale
Amazona barbadensis	Amazona_barbadensis	Psittacidae	Amazona	2.8083	5.6906	0.28292	none_found_in_this_audit
Amazona aestiva	Amazona_aestiva	Psittacidae	Amazona	3.0681	5.9941	0.4368	draft_or_in_progress
Amazona tucumana	Amazona_tucumana	Psittacidae	Amazona	2.6543	5.621	0.15331	none_found_in_this_audit
Amazona pretrei	Amazona_pretrei	Psittacidae	Amazona	2.4724	5.6515	-0.039295	none_found_in_this_audit
Amazona autumnalis	Amazona_autumnalis	Psittacidae	Amazona	3.1305	6.0544	0.47811	none_found_in_this_audit
Amazona dufresniana	Amazona_dufresniana	Psittacidae	Amazona	2.9992	6.2511	0.27814	none_found_in_this_audit
Amazona rhodocorytha	Amazona_rhodocorytha	Psittacidae	Amazona	2.6562	6.1575	-0.032111	none_found_in_this_audit
Amazona finschi	Amazona_finschi	Psittacidae	Amazona	3.2196	5.7714	0.66606	none_found_in_this_audit
Amazona brasiliensis	Amazona_brasiliensis	Psittacidae	Amazona	2.9888	6.1444	0.30506	none_found_in_this_audit
Amazona amazonica	Amazona_amazonica	Psittacidae	Amazona	2.9918	5.9565	0.37359	none_found_in_this_audit
Amazona guildingii	Amazona_guildingii	Psittacidae	Amazona	3.1762	6.5939	0.33544	none_found_in_this_audit
Alipiopsitta xanthops	Alipiopsitta_xanthops	Psittacidae	Alipiopsitta	3.0784	5.5955	0.5862	none_found_in_this_audit
Brotogeris pyrrhoptera	Brotogeris_pyrrhoptera	Psittacidae	Brotogeris	1.7216	4.0481	-0.23033	none_found_in_this_audit
Brotogeris chrysoptera	Brotogeris_chrysoptera	Psittacidae	Brotogeris	2.5661	4.0929	0.59859	none_found_in_this_audit
Brotogeris cyanoptera	Brotogeris_cyanoptera	Psittacidae	Brotogeris	2.0017	4.1324	0.020372	none_found_in_this_audit
Brotogeris tirica	Brotogeris_tirica	Psittacidae	Brotogeris	2.016	4.1991	0.011395	none_found_in_this_audit
Brotogeris versicolurus	Brotogeris_versicolurus	Psittacidae	Brotogeris	2.2167	4.1409	0.23248	none_found_in_this_audit
Myiopsitta monachus	Myiopsitta_monachus	Psittacidae	Myiopsitta	1.9625	4.6843	-0.21155	none_found_in_this_audit
Cyanoliseus patagonus	Cyanoliseus_patagonus	Psittacidae	Cyanoliseus	2.7256	5.5445	0.25126	none_found_in_this_audit
Psittacara finschi	Psittacara_finschi	Psittacidae	Psittacara	3.0077	5.0325	0.71216	none_found_in_this_audit
Psittacara erythrogenys	Psittacara_erythrogenys	Psittacidae	Psittacara	2.7511	5.1837	0.40279	none_found_in_this_audit
Eupsittula canicularis	Eupsittula_canicularis	Psittacidae	Eupsittula	2.2085	4.302	0.16795	none_found_in_this_audit
Eupsittula nana	Eupsittula_nana	Psittacidae	Eupsittula	2.4949	4.4347	0.40801	none_found_in_this_audit
Eupsittula pertinax	Eupsittula_pertinax	Psittacidae	Eupsittula	2.4577	4.4594	0.3622	none_found_in_this_audit
Psittacara leucophthalmus	Psittacara_leucophthalmus	Psittacidae	Psittacara	2.8332	5.0594	0.52821	none_found_in_this_audit
Psittacara wagleri	Psittacara_wagleri	Psittacidae	Psittacara	2.7992	5.4501	0.3578	none_found_in_this_audit
Psittacara mitratus	Psittacara_mitratus	Psittacidae	Psittacara	2.791	5.3764	0.37532	none_found_in_this_audit
Psittacara holochlorus	Psittacara_holochlorus	Psittacidae	Psittacara	2.709	5.0576	0.40461	none_found_in_this_audit
Psittacara rubritorquis	Psittacara_rubritorquis	Psittacidae	Psittacara	2.989	4.8971	0.74066	none_found_in_this_audit
Orthopsittaca manilatus	Orthopsittaca_manilatus	Psittacidae	Orthopsittaca	1.9876	5.8044	-0.5775	none_found_in_this_audit
Ara rubrogenys	Ara_rubrogenys	Psittacidae	Ara	3.0604	6.1546	0.37308	none_found_in_this_audit
Ara ambiguus	Ara_ambiguus	Psittacidae	Ara	3.2438	7.0251	0.2525	none_found_in_this_audit
Ara chloropterus	Ara_chloropterus	Psittacidae	Ara	3.3946	7.0619	0.39049	none_found_in_this_audit
Ara macao	Ara_macao	Psittacidae	Ara	3.5688	6.9094	0.61794	draft_or_in_progress
Ara ararauna	Ara_ararauna	Psittacidae	Ara	3.1889	6.9327	0.22986	chromosome_scale
Primolius maracana	Primolius_maracana	Psittacidae	Primolius	2.8862	5.4922	0.43016	none_found_in_this_audit
Primolius auricollis	Primolius_auricollis	Psittacidae	Primolius	2.8714	5.507	0.41014	none_found_in_this_audit
Primolius couloni	Primolius_couloni	Psittacidae	Primolius	2.7275	5.6305	0.22317	none_found_in_this_audit
Aratinga solstitialis	Aratinga_solstitialis	Psittacidae	Aratinga	2.2821	4.693	0.10511	none_found_in_this_audit
Aratinga nenday	Aratinga_nenday	Psittacidae	Aratinga	2.722	4.9419	0.45808	none_found_in_this_audit
Aratinga jandaya	Aratinga_jandaya	Psittacidae	Aratinga	2.4745	4.7438	0.27968	none_found_in_this_audit
Aratinga auricapillus	Aratinga_auricapillus	Psittacidae	Aratinga	2.6101	4.8617	0.37418	none_found_in_this_audit
Guaruba guarouba	Guaruba_guarouba	Psittacidae	Guaruba	2.6683	5.4957	0.21106	chromosome_scale
Psittacara acuticaudatus	Psittacara_acuticaudatus	Psittacidae	Psittacara	2.8219	5.1121	0.49854	none_found_in_this_audit
Diopsittaca nobilis	Diopsittaca_nobilis	Psittacidae	Diopsittaca	2.639	5.0345	0.34274	none_found_in_this_audit
Diopsittaca cumanensis	Diopsittaca_cumanensis	Psittacidae	Diopsittaca	2.4955	5.1725	0.15107	none_found_in_this_audit
Anodorhynchus leari	Anodorhynchus_leari	Psittacidae	Anodorhynchus	3.4278	6.6814	0.55656	none_found_in_this_audit
Anodorhynchus hyacinthinus	Anodorhynchus_hyacinthinus	Psittacidae	Anodorhynchus	3.1441	7.1788	0.099199	draft_or_in_progress
Enicognathus leptorhynchus	Enicognathus_leptorhynchus	Psittacidae	Enicognathus	2.2947	5.4323	-0.1404	none_found_in_this_audit
Rhynchopsitta pachyrhyncha	Rhynchopsitta_pachyrhyncha	Psittacidae	Rhynchopsitta	2.4303	5.7844	-0.12774	none_found_in_this_audit
Pyrrhura picta	Pyrrhura_picta	Psittacidae	Pyrrhura	2.2431	4.2353	0.22588	none_found_in_this_audit
Pyrrhura pacifica	Pyrrhura_pacifica	Psittacidae	Pyrrhura	2.585	4.2106	0.57643	none_found_in_this_audit
Pyrrhura hoffmanni	Pyrrhura_hoffmanni	Psittacidae	Pyrrhura	2.5605	4.4545	0.46674	none_found_in_this_audit
Pyrrhura emma	Pyrrhura_emma	Psittacidae	Pyrrhura	1.9476	3.9954	0.014138	none_found_in_this_audit
Pyrrhura frontalis	Pyrrhura_frontalis	Psittacidae	Pyrrhura	2.2267	4.3232	0.17873	none_found_in_this_audit
Pyrrhura cruentata	Pyrrhura_cruentata	Psittacidae	Pyrrhura	2.6077	4.535	0.4858	none_found_in_this_audit
Pyrrhura leucotis	Pyrrhura_leucotis	Psittacidae	Pyrrhura	2.4768	3.8329	0.60004	none_found_in_this_audit
Pyrrhura griseipectus	Pyrrhura_griseipectus	Psittacidae	Pyrrhura	2.1176	3.9982	0.18319	none_found_in_this_audit
Pyrrhura rupicola	Pyrrhura_rupicola	Psittacidae	Pyrrhura	2.3558	4.2105	0.3472	none_found_in_this_audit
Pyrrhura melanura	Pyrrhura_melanura	Psittacidae	Pyrrhura	2.1078	4.2935	0.070264	none_found_in_this_audit
Pyrrhura rhodocephala	Pyrrhura_rhodocephala	Psittacidae	Pyrrhura	2.1838	4.3167	0.13814	none_found_in_this_audit
Pyrrhura perlata	Pyrrhura_perlata	Psittacidae	Pyrrhura	2.4686	4.3072	0.42626	none_found_in_this_audit
Deroptyus accipitrinus	Deroptyus_accipitrinus	Psittacidae	Deroptyus	2.6849	5.5322	0.21484	none_found_in_this_audit
Pionites melanocephalus	Pionites_melanocephalus	Psittacidae	Pionites	2.664	5.0524	0.36147	none_found_in_this_audit
Pionites leucogaster	Pionites_leucogaster	Psittacidae	Pionites	2.6181	5.0636	0.31162	none_found_in_this_audit
Forpus spengeli	Forpus_spengeli	Psittacidae	Forpus	2.0168	3.1299	0.38544	none_found_in_this_audit
Forpus cyanopygius	Forpus_cyanopygius	Psittacidae	Forpus	1.8255	3.5186	0.058456	none_found_in_this_audit
Forpus passerinus	Forpus_passerinus	Psittacidae	Forpus	1.4218	3.1154	-0.20446	none_found_in_this_audit
Forpus coelestis	Forpus_coelestis	Psittacidae	Forpus	1.3677	3.3962	-0.35657	none_found_in_this_audit
Psilopsiagon aymara	Psilopsiagon_aymara	Psittacidae	Psilopsiagon	1.4064	3.4457	-0.33512	none_found_in_this_audit
Psilopsiagon aurifrons	Psilopsiagon_aurifrons	Psittacidae	Psilopsiagon	1.6046	3.5234	-0.16405	none_found_in_this_audit
Bolborhynchus lineola	Bolborhynchus_lineola	Psittacidae	Bolborhynchus	1.9356	3.9298	0.025082	none_found_in_this_audit
Poicephalus cryptoxanthus	Poicephalus_cryptoxanthus	Psittacidae	Poicephalus	2.461	4.8686	0.22268	none_found_in_this_audit
Poicephalus rueppellii	Poicephalus_rueppellii	Psittacidae	Poicephalus	2.3228	4.7677	0.11964	none_found_in_this_audit
Poicephalus gulielmi	Poicephalus_gulielmi	Psittacidae	Poicephalus	2.6593	5.4583	0.21507	none_found_in_this_audit
Poicephalus robustus	Poicephalus_robustus	Psittacidae	Poicephalus	2.5968	5.6998	0.068288	none_found_in_this_audit
Poicephalus rufiventris	Poicephalus_rufiventris	Psittacidae	Poicephalus	2.6532	4.8653	0.41606	none_found_in_this_audit
Poicephalus meyeri	Poicephalus_meyeri	Psittacidae	Poicephalus	2.7571	4.7605	0.55653	none_found_in_this_audit
Poicephalus senegalus	Poicephalus_senegalus	Psittacidae	Poicephalus	2.7979	4.9459	0.53254	none_found_in_this_audit
Psittacus erithacus	Psittacus_erithacus	Psittacidae	Psittacus	2.9233	6.1332	0.2434	none_found_in_this_audit
Psittacus timneh	Psittacus_timneh	Psittacidae	Psittacus	2.6573	5.7143	0.12367	none_found_in_this_audit
Probosciger aterrimus	Probosciger_aterrimus	Cacatuidae	Probosciger	2.8116	6.4477	0.021901	none_found_in_this_audit
Eolophus roseicapilla	Eolophus_roseicapilla	Cacatuidae	Eolophus	2.7735	5.7764	0.2182	none_found_in_this_audit
Cacatua ducorpsii	Cacatua_ducorpsii	Cacatuidae	Cacatua	2.6446	5.7386	0.10254	reported_level_unknown
Cacatua tenuirostris	Cacatua_tenuirostris	Cacatuidae	Cacatua	3.0943	6.2848	0.36148	reported_level_unknown
Cacatua haematuropygia	Cacatua_haematuropygia	Cacatuidae	Cacatua	2.5401	5.7013	0.011059	none_found_in_this_audit
Cacatua sanguinea	Cacatua_sanguinea	Cacatuidae	Cacatua	3.3531	5.8306	0.77888	reported_level_unknown
Cacatua ophthalmica	Cacatua_ophthalmica	Cacatuidae	Cacatua	2.9899	6.409	0.2137	none_found_in_this_audit
Cacatua moluccensis	Cacatua_moluccensis	Cacatuidae	Cacatua	2.8996	6.6855	0.02694	none_found_in_this_audit
Cacatua alba	Cacatua_alba	Cacatuidae	Cacatua	3.0726	6.3238	0.3262	none_found_in_this_audit
Cacatua sulphurea	Cacatua_sulphurea	Cacatuidae	Cacatua	2.9849	5.8917	0.38936	none_found_in_this_audit
Cacatua galerita	Cacatua_galerita	Cacatuidae	Cacatua	3.2257	6.4093	0.44946	chromosome_scale
Nymphicus hollandicus	Nymphicus_hollandicus	Cacatuidae	Nymphicus	2.1123	4.5098	-0.00074125	none_found_in_this_audit
Calyptorhynchus lathami	Calyptorhynchus_lathami	Cacatuidae	Calyptorhynchus	3.1303	5.9264	0.52268	none_found_in_this_audit
Zanda funerea	Zanda_funerea	Cacatuidae	Zanda	3.0663	6.397	0.29435	none_found_in_this_audit
Nestor notabilis	Nestor_notabilis	Strigopidae	Nestor	2.6161	6.6754	-0.25307	draft_or_in_progress
Nestor meridionalis	Nestor_meridionalis	Strigopidae	Nestor	2.517	6.0827	-0.14523	none_found_in_this_audit
