scenario	n_species	evolutionary_r	alpha	power	n_sim
current_overlap	17	0.2	0.05	0.11	400
current_overlap	17	0.2	5e-06	0	400
current_overlap	17	0.4	0.05	0.35	400
current_overlap	17	0.4	5e-06	0	400
current_overlap	17	0.6	0.05	0.75	400
current_overlap	17	0.6	5e-06	0.0025	400
all_218_with_LE	218	0.2	0.05	0.8175	400
all_218_with_LE	218	0.2	5e-06	0.0525	400
all_218_with_LE	218	0.4	0.05	1	400
all_218_with_LE	218	0.4	5e-06	0.935	400
all_218_with_LE	218	0.6	0.05	1	400
all_218_with_LE	218	0.6	5e-06	1	400
random_40_species	40	0.2	0.05	0.255	400
random_40_species	40	0.2	5e-06	0	400
random_40_species	40	0.4	0.05	0.7525	400
random_40_species	40	0.4	5e-06	0.0075	400
random_40_species	40	0.6	0.05	0.99	400
random_40_species	40	0.6	5e-06	0.3175	400
random_94_species	94	0.2	0.05	0.48	400
random_94_species	94	0.2	5e-06	0.0075	400
random_94_species	94	0.4	0.05	0.9875	400
random_94_species	94	0.4	5e-06	0.2825	400
random_94_species	94	0.6	0.05	1	400
random_94_species	94	0.6	5e-06	0.9825	400
