species	family	life_expectancy_years	life_expectancy_lo95_years	life_expectancy_hi95_years	log_life_expectancy_se	body_mass_g	rel_log_life_expectancy	pct_rel_LE_vs_expected	rank_rel_LE_of_218	genome_best_tier
Amazona finschi	Psittacidae	25.02	22.38	27.97	0.05694	321	0.6661	94.66	5	none_found_in_this_audit
Amazona vittata	Psittacidae	22.33	19.71	25.3	0.06366	263.9	0.6209	86.06	6	draft_or_in_progress
Ara macao	Psittacidae	35.47	32.95	38.19	0.03761	1002	0.6179	85.51	7	draft_or_in_progress
Amazona ochrocephala	Psittacidae	24.23	22.4	26.2	0.03997	443.9	0.5207	68.31	17	chromosome_scale
Amazona albifrons	Psittacidae	18.27	16.61	20.11	0.04887	207.4	0.5043	65.59	18	none_found_in_this_audit
Amazona autumnalis	Psittacidae	22.88	20.97	24.97	0.04456	426	0.4781	61.3	21	none_found_in_this_audit
Cacatua galerita	Cacatuidae	25.17	23.58	26.87	0.03335	607.4	0.4495	56.75	25	chromosome_scale
Amazona aestiva	Psittacidae	21.5	20.27	22.81	0.03007	401.1	0.4368	54.77	26	draft_or_in_progress
Amazona leucocephala	Psittacidae	18	16.8	19.3	0.03543	259.8	0.4108	50.8	30	none_found_in_this_audit
Amazona ventralis	Psittacidae	17.93	16.11	19.95	0.05444	265.8	0.3988	49	35	none_found_in_this_audit
Amazona xantholora	Psittacidae	15.66	11.26	21.77	0.1682	191.4	0.3779	45.92	42	none_found_in_this_audit
Amazona amazonica	Psittacidae	19.92	18.42	21.54	0.03995	386.3	0.3736	45.29	45	none_found_in_this_audit
Amazona guildingii	Psittacidae	23.95	19.77	29.03	0.09804	730.6	0.3354	39.86	53	none_found_in_this_audit
Amazona brasiliensis	Psittacidae	19.86	17.88	22.07	0.05372	466.1	0.3051	35.67	56	none_found_in_this_audit
Amazona barbadensis	Psittacidae	16.58	15.01	18.32	0.05085	296.1	0.2829	32.7	60	none_found_in_this_audit
Amazona dufresniana	Psittacidae	20.07	16.34	24.66	0.105	518.6	0.2781	32.07	62	none_found_in_this_audit
Amazona lilacina	Psittacidae	16.89	15.19	18.77	0.05406	334.7	0.2585	29.49	67	none_found_in_this_audit
Agapornis roseicollis	Psittacidae	8.203	7.58	8.878	0.04034	50.97	0.1935	21.35	88	draft_or_in_progress
Amazona tucumana	Psittacidae	14.22	12.34	16.37	0.07203	276.2	0.1533	16.57	94	none_found_in_this_audit
Amazona collaria	Psittacidae	12.74	11.53	14.09	0.05115	225.8	0.1141	12.09	100	none_found_in_this_audit
Anodorhynchus hyacinthinus	Psittacidae	23.2	22.08	24.38	0.02531	1311	0.0992	10.43	103	draft_or_in_progress
Agapornis fischeri	Psittacidae	6.918	6.446	7.424	0.03603	47.18	0.05001	5.128	113	none_found_in_this_audit
Cacatua moluccensis	Cacatuidae	18.17	17.19	19.2	0.02833	800.7	0.02694	2.731	116	none_found_in_this_audit
Nymphicus hollandicus	Cacatuidae	8.268	7.919	8.631	0.02195	90.9	-0.0007412	-0.0741	127	none_found_in_this_audit
Amazona vinacea	Psittacidae	13.02	11.54	14.69	0.06158	356.6	-0.0239	-2.362	129	none_found_in_this_audit
Agapornis taranta	Psittacidae	6.479	5.794	7.245	0.057	49.05	-0.02906	-2.864	131	none_found_in_this_audit
Amazona rhodocorytha	Psittacidae	14.24	12.42	16.33	0.0697	472.2	-0.03211	-3.16	132	none_found_in_this_audit
Amazona pretrei	Psittacidae	11.85	10.18	13.8	0.0777	284.7	-0.0393	-3.853	134	none_found_in_this_audit
Agapornis canus	Psittacidae	5.369	4.802	6.003	0.05696	30.23	-0.04815	-4.701	137	none_found_in_this_audit
Agapornis lilianae	Psittacidae	5.787	5.124	6.534	0.062	37.67	-0.05	-4.877	139	none_found_in_this_audit
Agapornis nigrigenis	Psittacidae	5.366	4.967	5.797	0.03942	41.48	-0.1591	-14.71	163	none_found_in_this_audit
Agapornis personatus	Psittacidae	5.384	4.983	5.817	0.03946	46.69	-0.197	-17.88	171	none_found_in_this_audit
Nestor notabilis	Strigopidae	13.68	12.74	14.7	0.03648	792.6	-0.2531	-22.36	179	draft_or_in_progress
Melopsittacus undulatus	Psittacidae	4.567	4.479	4.655	0.009825	37.82	-0.2882	-25.04	188	chromosome_scale
Amazona agilis	Psittacidae	7.427	5.905	9.339	0.1169	208.6	-0.398	-32.83	199	none_found_in_this_audit
