tree_tip	species	family	genus	common_name	has_life_expectancy	has_body_mass	has_brain_mass	has_max_longevity	genome_best_tier	protocol_priority	role_in_design
Charmosyna_multistriata	Charmosyna multistriata	Psittacidae	Charmosyna	Striated Lorikeet	False	True	False	False	none_found_in_this_audit	False	undetermined (to be set from adjusted phenotype and tree position)
Charmosyna_papou	Charmosyna papou	Psittacidae	Charmosyna	Papuan Lorikeet	True	True	True	False	none_found_in_this_audit	False	undetermined (to be set from adjusted phenotype and tree position)
Charmosyna_meeki	Charmosyna meeki	Psittacidae	Charmosyna	Meek's Lorikeet	False	True	False	False	none_found_in_this_audit	False	undetermined (to be set from adjusted phenotype and tree position)
Vini_australis	Vini australis	Psittacidae	Vini	Blue-crowned Lorikeet	True	True	False	False	none_found_in_this_audit	False	undetermined (to be set from adjusted phenotype and tree position)
Vini_peruviana	Vini peruviana	Psittacidae	Vini	Blue Lorikeet	True	True	False	False	none_found_in_this_audit	False	undetermined (to be set from adjusted phenotype and tree position)
Vini_ultramarina	Vini ultramarina	Psittacidae	Vini	Ultramarine Lorikeet	False	True	False	False	none_found_in_this_audit	False	undetermined (to be set from adjusted phenotype and tree position)
Vini_stepheni	Vini stepheni	Psittacidae	Vini	Henderson Lorikeet	False	True	True	False	none_found_in_this_audit	False	undetermined (to be set from adjusted phenotype and tree position)
Vini_kuhlii	Vini kuhlii	Psittacidae	Vini	Rimatara Lorikeet	False	True	False	False	none_found_in_this_audit	False	undetermined (to be set from adjusted phenotype and tree position)
Phigys_solitarius	Phigys solitarius	Psittacidae	Phigys	Collared Lory	True	True	True	False	none_found_in_this_audit	False	undetermined (to be set from adjusted phenotype and tree position)
Charmosyna_pulchella	Charmosyna pulchella	Psittacidae	Charmosyna	Fairy Lorikeet	True	True	True	False	none_found_in_this_audit	False	undetermined (to be set from adjusted phenotype and tree position)
Charmosyna_placentis	Charmosyna placentis	Psittacidae	Charmosyna	Red-flanked Lorikeet	True	True	False	False	none_found_in_this_audit	False	undetermined (to be set from adjusted phenotype and tree position)
Charmosyna_josefinae	Charmosyna josefinae	Psittacidae	Charmosyna	Josephine's Lorikeet	True	True	False	False	none_found_in_this_audit	False	undetermined (to be set from adjusted phenotype and tree position)
Charmosyna_wilhelminae	Charmosyna wilhelminae	Psittacidae	Charmosyna	Pygmy Lorikeet	False	True	False	False	none_found_in_this_audit	False	undetermined (to be set from adjusted phenotype and tree position)
Charmosyna_rubrigularis	Charmosyna rubrigularis	Psittacidae	Charmosyna	Red-chinned Lorikeet	False	True	False	False	none_found_in_this_audit	False	undetermined (to be set from adjusted phenotype and tree position)
Charmosyna_stellae	Charmosyna stellae	Psittacidae	Charmosyna	Stella's Lorikeet	True	True	False	False	none_found_in_this_audit	False	undetermined (to be set from adjusted phenotype and tree position)
Charmosyna_rubronotata	Charmosyna rubronotata	Psittacidae	Charmosyna	Red-fronted Lorikeet	False	True	False	False	none_found_in_this_audit	False	undetermined (to be set from adjusted phenotype and tree position)
Charmosyna_margarethae	Charmosyna margarethae	Psittacidae	Charmosyna	Duchess Lorikeet	False	True	False	False	none_found_in_this_audit	False	undetermined (to be set from adjusted phenotype and tree position)
Charmosyna_palmarum	Charmosyna palmarum	Psittacidae	Charmosyna	Palm Lorikeet	False	True	False	False	none_found_in_this_audit	False	undetermined (to be set from adjusted phenotype and tree position)
Charmosyna_diadema	Charmosyna diadema	Psittacidae	Charmosyna	New Caledonian Lorikeet	False	True	False	False	none_found_in_this_audit	False	undetermined (to be set from adjusted phenotype and tree position)
Charmosyna_amabilis	Charmosyna amabilis	Psittacidae	Charmosyna	Red-throated Lorikeet	False	True	False	False	none_found_in_this_audit	False	undetermined (to be set from adjusted phenotype and tree position)
Charmosyna_toxopei	Charmosyna toxopei	Psittacidae	Charmosyna	Blue-fronted Lorikeet	False	True	False	False	none_found_in_this_audit	False	undetermined (to be set from adjusted phenotype and tree position)
Lorius_hypoinochrous	Lorius hypoinochrous	Psittacidae	Lorius	Purple-bellied Lory	False	True	False	False	none_found_in_this_audit	False	undetermined (to be set from adjusted phenotype and tree position)
Lorius_lory	Lorius lory	Psittacidae	Lorius	Black-capped Lory	True	True	True	False	none_found_in_this_audit	False	undetermined (to be set from adjusted phenotype and tree position)
Lorius_garrulus	Lorius garrulus	Psittacidae	Lorius	Chattering Lory	True	True	True	False	none_found_in_this_audit	False	undetermined (to be set from adjusted phenotype and tree position)
Lorius_domicella	Lorius domicella	Psittacidae	Lorius	Purple-naped Lory	True	True	False	False	none_found_in_this_audit	False	undetermined (to be set from adjusted phenotype and tree position)
Lorius_albidinucha	Lorius albidinucha	Psittacidae	Lorius	White-naped Lory	False	True	False	False	none_found_in_this_audit	False	undetermined (to be set from adjusted phenotype and tree position)
Lorius_chlorocercus	Lorius chlorocercus	Psittacidae	Lorius	Yellow-bibbed Lory	True	True	False	False	none_found_in_this_audit	False	undetermined (to be set from adjusted phenotype and tree position)
Glossopsitta_porphyrocephala	Glossopsitta porphyrocephala	Psittacidae	Glossopsitta	Purple-crowned Lorikeet	True	True	True	False	none_found_in_this_audit	False	undetermined (to be set from adjusted phenotype and tree position)
Glossopsitta_pusilla	Glossopsitta pusilla	Psittacidae	Glossopsitta	Little Lorikeet	True	True	True	False	none_found_in_this_audit	False	undetermined (to be set from adjusted phenotype and tree position)
Glossopsitta_concinna	Glossopsitta concinna	Psittacidae	Glossopsitta	Musk Lorikeet	True	True	True	False	none_found_in_this_audit	False	undetermined (to be set from adjusted phenotype and tree position)
Eos_cyanogenia	Eos cyanogenia	Psittacidae	Eos	Black-winged Lory	True	True	True	False	none_found_in_this_audit	False	undetermined (to be set from adjusted phenotype and tree position)
Eos_histrio	Eos histrio	Psittacidae	Eos	Red-and-blue Lory	True	True	False	False	none_found_in_this_audit	False	undetermined (to be set from adjusted phenotype and tree position)
Eos_bornea	Eos bornea	Psittacidae	Eos	Red Lory	True	True	True	False	none_found_in_this_audit	False	undetermined (to be set from adjusted phenotype and tree position)
Eos_reticulata	Eos reticulata	Psittacidae	Eos	Blue-streaked Lory	True	True	False	False	none_found_in_this_audit	False	undetermined (to be set from adjusted phenotype and tree position)
Eos_squamata	Eos squamata	Psittacidae	Eos	Violet-necked Lory	True	True	True	False	none_found_in_this_audit	False	undetermined (to be set from adjusted phenotype and tree position)
Eos_semilarvata	Eos semilarvata	Psittacidae	Eos	Blue-eared Lory	False	True	False	False	none_found_in_this_audit	False	undetermined (to be set from adjusted phenotype and tree position)
Trichoglossus_haematodus	Trichoglossus haematodus	Psittacidae	Trichoglossus	Coconut Lorikeet	True	True	True	False	none_found_in_this_audit	False	undetermined (to be set from adjusted phenotype and tree position)
Trichoglossus_rubritorquis	Trichoglossus rubritorquis	Psittacidae	Trichoglossus	Red-collared Lorikeet	True	True	True	False	none_found_in_this_audit	False	undetermined (to be set from adjusted phenotype and tree position)
Trichoglossus_chlorolepidotus	Trichoglossus chlorolepidotus	Psittacidae	Trichoglossus	Scaly-breasted Lorikeet	True	True	True	False	none_found_in_this_audit	False	undetermined (to be set from adjusted phenotype and tree position)
Psitteuteles_iris	Psitteuteles iris	Psittacidae	Psitteuteles	Iris Lorikeet	True	True	False	False	none_found_in_this_audit	False	undetermined (to be set from adjusted phenotype and tree position)
Trichoglossus_flavoviridis	Trichoglossus flavoviridis	Psittacidae	Trichoglossus	Yellow-and-green Lorikeet	True	True	False	False	none_found_in_this_audit	False	undetermined (to be set from adjusted phenotype and tree position)
Trichoglossus_ornatus	Trichoglossus ornatus	Psittacidae	Trichoglossus	Ornate Lorikeet	True	True	True	False	none_found_in_this_audit	False	undetermined (to be set from adjusted phenotype and tree position)
Trichoglossus_rubiginosus	Trichoglossus rubiginosus	Psittacidae	Trichoglossus	Pohnpei Lorikeet	False	True	True	False	none_found_in_this_audit	False	undetermined (to be set from adjusted phenotype and tree position)
Trichoglossus_meyeri	Trichoglossus meyeri	Psittacidae	Trichoglossus	Mustard-capped Lorikeet	False	False	False	False	none_found_in_this_audit	False	undetermined (to be set from adjusted phenotype and tree position)
Trichoglossus_forsteni	Trichoglossus forsteni	Psittacidae	Trichoglossus	Scarlet-breasted Lorikeet	True	True	False	False	none_found_in_this_audit	False	undetermined (to be set from adjusted phenotype and tree position)
Trichoglossus_johnstoniae	Trichoglossus johnstoniae	Psittacidae	Trichoglossus	Mindanao Lorikeet	True	True	False	False	none_found_in_this_audit	False	undetermined (to be set from adjusted phenotype and tree position)
Trichoglossus_rosenbergii	Trichoglossus rosenbergii	Psittacidae	Trichoglossus	Biak Lorikeet	True	True	False	False	none_found_in_this_audit	False	undetermined (to be set from adjusted phenotype and tree position)
Trichoglossus_weberi	Trichoglossus weberi	Psittacidae	Trichoglossus	Flores Lorikeet	True	True	False	False	none_found_in_this_audit	False	undetermined (to be set from adjusted phenotype and tree position)
Trichoglossus_moluccanus	Trichoglossus moluccanus	Psittacidae	Trichoglossus	Rainbow Lorikeet	True	True	False	False	none_found_in_this_audit	False	undetermined (to be set from adjusted phenotype and tree position)
Trichoglossus_euteles	Trichoglossus euteles	Psittacidae	Trichoglossus	Olive-headed Lorikeet	True	True	False	False	none_found_in_this_audit	False	undetermined (to be set from adjusted phenotype and tree position)
Trichoglossus_capistratus	Trichoglossus capistratus	Psittacidae	Trichoglossus	Marigold Lorikeet	True	True	False	False	none_found_in_this_audit	False	undetermined (to be set from adjusted phenotype and tree position)
Psitteuteles_goldiei	Psitteuteles goldiei	Psittacidae	Psitteuteles	Goldie's Lorikeet	True	True	False	False	draft_or_in_progress	False	undetermined (to be set from adjusted phenotype and tree position)
Chalcopsitta_cardinalis	Chalcopsitta cardinalis	Psittacidae	Chalcopsitta	Cardinal Lory	True	True	True	False	none_found_in_this_audit	False	undetermined (to be set from adjusted phenotype and tree position)
Chalcopsitta_atra	Chalcopsitta atra	Psittacidae	Chalcopsitta	Black Lory	True	True	True	False	none_found_in_this_audit	False	undetermined (to be set from adjusted phenotype and tree position)
Chalcopsitta_scintillata	Chalcopsitta scintillata	Psittacidae	Chalcopsitta	Yellow-streaked Lory	True	True	False	False	none_found_in_this_audit	False	undetermined (to be set from adjusted phenotype and tree position)
Chalcopsitta_duivenbodei	Chalcopsitta duivenbodei	Psittacidae	Chalcopsitta	Brown Lory	True	True	False	False	none_found_in_this_audit	False	undetermined (to be set from adjusted phenotype and tree position)
Psitteuteles_versicolor	Psitteuteles versicolor	Psittacidae	Psitteuteles	Varied Lorikeet	True	True	True	False	none_found_in_this_audit	False	undetermined (to be set from adjusted phenotype and tree position)
Neopsittacus_musschenbroekii	Neopsittacus musschenbroekii	Psittacidae	Neopsittacus	Yellow-billed Lorikeet	True	True	True	False	none_found_in_this_audit	False	undetermined (to be set from adjusted phenotype and tree position)
Neopsittacus_pullicauda	Neopsittacus pullicauda	Psittacidae	Neopsittacus	Orange-billed Lorikeet	True	True	True	False	none_found_in_this_audit	False	undetermined (to be set from adjusted phenotype and tree position)
Oreopsittacus_arfaki	Oreopsittacus arfaki	Psittacidae	Oreopsittacus	Plum-faced Lorikeet	True	True	True	False	none_found_in_this_audit	False	undetermined (to be set from adjusted phenotype and tree position)
Pseudeos_fuscata	Pseudeos fuscata	Psittacidae	Pseudeos	Dusky Lory	True	True	True	False	none_found_in_this_audit	False	undetermined (to be set from adjusted phenotype and tree position)
Melopsittacus_undulatus	Melopsittacus undulatus	Psittacidae	Melopsittacus	Budgerigar	True	True	True	False	chromosome_scale	True	undetermined (to be set from adjusted phenotype and tree position)
Psittaculirostris_edwardsii	Psittaculirostris edwardsii	Psittacidae	Psittaculirostris	Edwards's Fig-parrot	True	True	True	False	none_found_in_this_audit	False	undetermined (to be set from adjusted phenotype and tree position)
Psittaculirostris_desmarestii	Psittaculirostris desmarestii	Psittacidae	Psittaculirostris	Large Fig-parrot	True	True	False	False	none_found_in_this_audit	False	undetermined (to be set from adjusted phenotype and tree position)
Psittaculirostris_godmani	Psittaculirostris godmani	Psittacidae	Psittaculirostris	Yellow-naped Fig-parrot	False	False	False	False	none_found_in_this_audit	False	undetermined (to be set from adjusted phenotype and tree position)
Psittaculirostris_cervicalis	Psittaculirostris cervicalis	Psittacidae	Psittaculirostris	Red-faced Fig-parrot	False	False	False	False	none_found_in_this_audit	False	undetermined (to be set from adjusted phenotype and tree position)
Psittaculirostris_salvadorii	Psittaculirostris salvadorii	Psittacidae	Psittaculirostris	Salvadori's Fig-parrot	True	True	False	False	none_found_in_this_audit	False	undetermined (to be set from adjusted phenotype and tree position)
Cyclopsitta_diophthalma	Cyclopsitta diophthalma	Psittacidae	Cyclopsitta	Double-eyed Fig-parrot	True	True	True	False	none_found_in_this_audit	False	undetermined (to be set from adjusted phenotype and tree position)
Cyclopsitta_gulielmitertii	Cyclopsitta gulielmitertii	Psittacidae	Cyclopsitta	Blue-fronted Fig-parrot	False	True	True	False	none_found_in_this_audit	False	undetermined (to be set from adjusted phenotype and tree position)
Cyclopsitta_nigrifrons	Cyclopsitta nigrifrons	Psittacidae	Cyclopsitta	Black-fronted Fig-parrot	False	False	False	False	none_found_in_this_audit	False	undetermined (to be set from adjusted phenotype and tree position)
Cyclopsitta_amabilis	Cyclopsitta amabilis	Psittacidae	Cyclopsitta	Creamy-breasted Fig-parrot	False	False	False	False	none_found_in_this_audit	False	undetermined (to be set from adjusted phenotype and tree position)
Cyclopsitta_melanogenia	Cyclopsitta melanogenia	Psittacidae	Cyclopsitta	Dusky-cheeked Fig-parrot	False	False	False	False	none_found_in_this_audit	False	undetermined (to be set from adjusted phenotype and tree position)
Cyclopsitta_coxeni	Cyclopsitta coxeni	Psittacidae	Cyclopsitta	Coxen's Fig-parrot	False	False	False	False	none_found_in_this_audit	False	undetermined (to be set from adjusted phenotype and tree position)
Agapornis_swindernianus	Agapornis swindernianus	Psittacidae	Agapornis	Black-collared Lovebird	False	True	True	False	none_found_in_this_audit	True	undetermined (to be set from adjusted phenotype and tree position)
Agapornis_taranta	Agapornis taranta	Psittacidae	Agapornis	Black-winged Lovebird	True	True	True	False	none_found_in_this_audit	True	undetermined (to be set from adjusted phenotype and tree position)
Agapornis_pullarius	Agapornis pullarius	Psittacidae	Agapornis	Red-headed Lovebird	False	True	True	False	none_found_in_this_audit	True	undetermined (to be set from adjusted phenotype and tree position)
Agapornis_nigrigenis	Agapornis nigrigenis	Psittacidae	Agapornis	Black-cheeked Lovebird	True	True	True	False	none_found_in_this_audit	True	undetermined (to be set from adjusted phenotype and tree position)
Agapornis_lilianae	Agapornis lilianae	Psittacidae	Agapornis	Nyasa Lovebird	True	True	True	False	none_found_in_this_audit	True	undetermined (to be set from adjusted phenotype and tree position)
Agapornis_personatus	Agapornis personatus	Psittacidae	Agapornis	Yellow-collared Lovebird	True	True	True	False	none_found_in_this_audit	True	undetermined (to be set from adjusted phenotype and tree position)
Agapornis_fischeri	Agapornis fischeri	Psittacidae	Agapornis	Fischer's Lovebird	True	True	True	False	none_found_in_this_audit	True	undetermined (to be set from adjusted phenotype and tree position)
Agapornis_roseicollis	Agapornis roseicollis	Psittacidae	Agapornis	Rosy-faced Lovebird	True	True	True	False	draft_or_in_progress	True	undetermined (to be set from adjusted phenotype and tree position)
Agapornis_canus	Agapornis canus	Psittacidae	Agapornis	Grey-headed Lovebird	True	True	True	False	none_found_in_this_audit	True	undetermined (to be set from adjusted phenotype and tree position)
Loriculus_beryllinus	Loriculus beryllinus	Psittacidae	Loriculus	Sri Lanka Hanging-parrot	False	True	False	False	none_found_in_this_audit	False	undetermined (to be set from adjusted phenotype and tree position)
Loriculus_stigmatus	Loriculus stigmatus	Psittacidae	Loriculus	Sulawesi Hanging-parrot	False	True	False	False	none_found_in_this_audit	False	undetermined (to be set from adjusted phenotype and tree position)
Loriculus_pusillus	Loriculus pusillus	Psittacidae	Loriculus	Yellow-throated Hanging-parrot	False	True	False	False	none_found_in_this_audit	False	undetermined (to be set from adjusted phenotype and tree position)
Loriculus_galgulus	Loriculus galgulus	Psittacidae	Loriculus	Blue-crowned Hanging-parrot	True	True	True	False	none_found_in_this_audit	False	undetermined (to be set from adjusted phenotype and tree position)
Loriculus_vernalis	Loriculus vernalis	Psittacidae	Loriculus	Vernal Hanging-parrot	True	True	True	False	none_found_in_this_audit	False	undetermined (to be set from adjusted phenotype and tree position)
Loriculus_catamene	Loriculus catamene	Psittacidae	Loriculus	Sangihe Hanging-parrot	False	False	False	False	none_found_in_this_audit	False	undetermined (to be set from adjusted phenotype and tree position)
Loriculus_flosculus	Loriculus flosculus	Psittacidae	Loriculus	Flores Hanging-parrot	False	True	False	False	none_found_in_this_audit	False	undetermined (to be set from adjusted phenotype and tree position)
Loriculus_aurantiifrons	Loriculus aurantiifrons	Psittacidae	Loriculus	Orange-fronted Hanging-parrot	False	True	False	False	none_found_in_this_audit	False	undetermined (to be set from adjusted phenotype and tree position)
Loriculus_amabilis	Loriculus amabilis	Psittacidae	Loriculus	Moluccan Hanging-parrot	False	True	True	False	none_found_in_this_audit	False	undetermined (to be set from adjusted phenotype and tree position)
Loriculus_philippensis	Loriculus philippensis	Psittacidae	Loriculus	Philippine Hanging-parrot	True	True	True	False	none_found_in_this_audit	False	undetermined (to be set from adjusted phenotype and tree position)
Loriculus_sclateri	Loriculus sclateri	Psittacidae	Loriculus	Sula Hanging-parrot	False	False	False	False	none_found_in_this_audit	False	undetermined (to be set from adjusted phenotype and tree position)
Loriculus_tener	Loriculus tener	Psittacidae	Loriculus	Bismarck Hanging-parrot	False	False	False	False	none_found_in_this_audit	False	undetermined (to be set from adjusted phenotype and tree position)
Loriculus_exilis	Loriculus exilis	Psittacidae	Loriculus	Pygmy Hanging-parrot	False	True	False	False	none_found_in_this_audit	False	undetermined (to be set from adjusted phenotype and tree position)
Bolbopsittacus_lunulatus	Bolbopsittacus lunulatus	Psittacidae	Bolbopsittacus	Guaiabero	False	True	True	False	none_found_in_this_audit	False	undetermined (to be set from adjusted phenotype and tree position)
Eunymphicus_cornutus	Eunymphicus cornutus	Psittacidae	Eunymphicus	Horned Parakeet	True	True	True	False	none_found_in_this_audit	False	undetermined (to be set from adjusted phenotype and tree position)
Eunymphicus_uvaeensis	Eunymphicus uvaeensis	Psittacidae	Eunymphicus	Ouvea Parakeet	False	True	True	False	none_found_in_this_audit	False	undetermined (to be set from adjusted phenotype and tree position)
Cyanoramphus_auriceps	Cyanoramphus auriceps	Psittacidae	Cyanoramphus	Yellow-fronted Parakeet	True	True	True	False	none_found_in_this_audit	False	undetermined (to be set from adjusted phenotype and tree position)
Cyanoramphus_malherbi	Cyanoramphus malherbi	Psittacidae	Cyanoramphus	Malherbe's Parakeet	True	True	False	False	none_found_in_this_audit	False	undetermined (to be set from adjusted phenotype and tree position)
Cyanoramphus_novaezelandiae	Cyanoramphus novaezelandiae	Psittacidae	Cyanoramphus	Red-fronted Parakeet	True	True	True	False	none_found_in_this_audit	False	undetermined (to be set from adjusted phenotype and tree position)
Cyanoramphus_unicolor	Cyanoramphus unicolor	Psittacidae	Cyanoramphus	Antipodes Parakeet	True	True	True	False	none_found_in_this_audit	False	undetermined (to be set from adjusted phenotype and tree position)
Cyanoramphus_ulietanus	Cyanoramphus ulietanus	Psittacidae	Cyanoramphus	Raiatea Parakeet	False	False	False	False	none_found_in_this_audit	False	undetermined (to be set from adjusted phenotype and tree position)
Cyanoramphus_forbesi	Cyanoramphus forbesi	Psittacidae	Cyanoramphus	Chatham Parakeet	False	False	False	False	none_found_in_this_audit	False	undetermined (to be set from adjusted phenotype and tree position)
Cyanoramphus_zealandicus	Cyanoramphus zealandicus	Psittacidae	Cyanoramphus	Black-fronted Parakeet	False	False	False	False	none_found_in_this_audit	False	undetermined (to be set from adjusted phenotype and tree position)
Prosopeia_tabuensis	Prosopeia tabuensis	Psittacidae	Prosopeia	Maroon Shining-parrot	False	True	True	False	none_found_in_this_audit	False	undetermined (to be set from adjusted phenotype and tree position)
Prosopeia_splendens	Prosopeia splendens	Psittacidae	Prosopeia	Crimson Shining-parrot	False	True	True	False	none_found_in_this_audit	False	undetermined (to be set from adjusted phenotype and tree position)
Prosopeia_personata	Prosopeia personata	Psittacidae	Prosopeia	Masked Shining-parrot	False	True	True	False	none_found_in_this_audit	False	undetermined (to be set from adjusted phenotype and tree position)
Lathamus_discolor	Lathamus discolor	Psittacidae	Lathamus	Swift Parrot	True	True	True	False	chromosome_scale	False	undetermined (to be set from adjusted phenotype and tree position)
Platycercus_icterotis	Platycercus icterotis	Psittacidae	Platycercus	Western Rosella	True	True	True	False	none_found_in_this_audit	False	undetermined (to be set from adjusted phenotype and tree position)
Platycercus_eximius	Platycercus eximius	Psittacidae	Platycercus	Eastern Rosella	True	True	True	False	none_found_in_this_audit	False	undetermined (to be set from adjusted phenotype and tree position)
Platycercus_venustus	Platycercus venustus	Psittacidae	Platycercus	Northern Rosella	True	True	True	False	none_found_in_this_audit	False	undetermined (to be set from adjusted phenotype and tree position)
Platycercus_adscitus	Platycercus adscitus	Psittacidae	Platycercus	Pale-headed Rosella	True	True	True	False	none_found_in_this_audit	False	undetermined (to be set from adjusted phenotype and tree position)
Platycercus_elegans	Platycercus elegans	Psittacidae	Platycercus	Crimson Rosella	False	True	True	False	draft_or_in_progress	False	undetermined (to be set from adjusted phenotype and tree position)
Platycercus_caledonicus	Platycercus caledonicus	Psittacidae	Platycercus	Green Rosella	False	True	True	False	none_found_in_this_audit	False	undetermined (to be set from adjusted phenotype and tree position)
Barnardius_zonarius	Barnardius zonarius	Psittacidae	Barnardius	Australian Ringneck	True	True	True	False	none_found_in_this_audit	False	undetermined (to be set from adjusted phenotype and tree position)
Psephotellus_varius	Psephotellus varius	Psittacidae	Psephotellus	Mulga Parrot	True	True	True	False	none_found_in_this_audit	False	undetermined (to be set from adjusted phenotype and tree position)
Psephotellus_dissimilis	Psephotellus dissimilis	Psittacidae	Psephotellus	Hooded Parrot	True	True	True	False	none_found_in_this_audit	False	undetermined (to be set from adjusted phenotype and tree position)
Psephotellus_chrysopterygius	Psephotellus chrysopterygius	Psittacidae	Psephotellus	Golden-shouldered Parrot	True	True	True	False	none_found_in_this_audit	False	undetermined (to be set from adjusted phenotype and tree position)
Psephotellus_pulcherrimus	Psephotellus pulcherrimus	Psittacidae	Psephotellus	Paradise Parrot	False	False	False	False	none_found_in_this_audit	False	undetermined (to be set from adjusted phenotype and tree position)
Purpureicephalus_spurius	Purpureicephalus spurius	Psittacidae	Purpureicephalus	Red-capped Parrot	True	True	True	False	none_found_in_this_audit	False	undetermined (to be set from adjusted phenotype and tree position)
Northiella_haematogaster	Northiella haematogaster	Psittacidae	Northiella	Bluebonnet	True	True	True	False	none_found_in_this_audit	False	undetermined (to be set from adjusted phenotype and tree position)
Psephotus_haematonotus	Psephotus haematonotus	Psittacidae	Psephotus	Red-rumped Parrot	True	True	True	False	none_found_in_this_audit	False	undetermined (to be set from adjusted phenotype and tree position)
Neophema_chrysogaster	Neophema chrysogaster	Psittacidae	Neophema	Orange-bellied Parrot	True	True	False	False	none_found_in_this_audit	False	undetermined (to be set from adjusted phenotype and tree position)
Neophema_pulchella	Neophema pulchella	Psittacidae	Neophema	Turquoise Parrot	True	True	True	False	none_found_in_this_audit	False	undetermined (to be set from adjusted phenotype and tree position)
Neophema_splendida	Neophema splendida	Psittacidae	Neophema	Scarlet-chested Parrot	True	True	True	False	none_found_in_this_audit	False	undetermined (to be set from adjusted phenotype and tree position)
Neophema_chrysostoma	Neophema chrysostoma	Psittacidae	Neophema	Blue-winged Parrot	True	True	True	False	none_found_in_this_audit	False	undetermined (to be set from adjusted phenotype and tree position)
Neophema_elegans	Neophema elegans	Psittacidae	Neophema	Elegant Parrot	True	True	True	False	none_found_in_this_audit	False	undetermined (to be set from adjusted phenotype and tree position)
Neophema_petrophila	Neophema petrophila	Psittacidae	Neophema	Rock Parrot	False	True	True	False	none_found_in_this_audit	False	undetermined (to be set from adjusted phenotype and tree position)
Neopsephotus_bourkii	Neopsephotus bourkii	Psittacidae	Neopsephotus	Bourke's Parrot	True	True	True	False	none_found_in_this_audit	False	undetermined (to be set from adjusted phenotype and tree position)
Pezoporus_wallicus	Pezoporus wallicus	Psittacidae	Pezoporus	Ground Parrot	False	True	True	False	none_found_in_this_audit	False	undetermined (to be set from adjusted phenotype and tree position)
Pezoporus_occidentalis	Pezoporus occidentalis	Psittacidae	Pezoporus	Night Parrot	False	True	False	False	none_found_in_this_audit	False	undetermined (to be set from adjusted phenotype and tree position)
Tanygnathus_lucionensis	Tanygnathus lucionensis	Psittacidae	Tanygnathus	Blue-naped Parrot	True	True	True	False	none_found_in_this_audit	False	undetermined (to be set from adjusted phenotype and tree position)
Tanygnathus_sumatranus	Tanygnathus sumatranus	Psittacidae	Tanygnathus	Blue-backed Parrot	True	True	False	False	none_found_in_this_audit	False	undetermined (to be set from adjusted phenotype and tree position)
Tanygnathus_gramineus	Tanygnathus gramineus	Psittacidae	Tanygnathus	Black-lored Parrot	False	True	False	False	none_found_in_this_audit	False	undetermined (to be set from adjusted phenotype and tree position)
Tanygnathus_megalorynchos	Tanygnathus megalorynchos	Psittacidae	Tanygnathus	Great-billed Parrot	True	True	True	False	none_found_in_this_audit	False	undetermined (to be set from adjusted phenotype and tree position)
Psittacula_krameri	Psittacula krameri	Psittacidae	Psittacula	Rose-ringed Parakeet	True	True	True	False	chromosome_scale	False	undetermined (to be set from adjusted phenotype and tree position)
Psittacula_eques	Psittacula eques	Psittacidae	Psittacula	Echo Parakeet	False	True	False	False	chromosome_scale	False	undetermined (to be set from adjusted phenotype and tree position)
Psittacula_alexandri	Psittacula alexandri	Psittacidae	Psittacula	Red-breasted Parakeet	True	True	True	False	none_found_in_this_audit	False	undetermined (to be set from adjusted phenotype and tree position)
Psittacula_derbiana	Psittacula derbiana	Psittacidae	Psittacula	Lord Derby's Parakeet	True	True	True	False	none_found_in_this_audit	False	undetermined (to be set from adjusted phenotype and tree position)
Psittacula_longicauda	Psittacula longicauda	Psittacidae	Psittacula	Long-tailed Parakeet	True	True	True	False	none_found_in_this_audit	False	undetermined (to be set from adjusted phenotype and tree position)
Psittacula_columboides	Psittacula columboides	Psittacidae	Psittacula	Malabar Parakeet	True	True	True	False	none_found_in_this_audit	False	undetermined (to be set from adjusted phenotype and tree position)
Psittacula_calthrapae	Psittacula calthrapae	Psittacidae	Psittacula	Emerald-collared Parakeet	False	True	False	False	none_found_in_this_audit	False	undetermined (to be set from adjusted phenotype and tree position)
Psittinus_cyanurus	Psittinus cyanurus	Psittacidae	Psittinus	Blue-rumped Parrot	True	True	False	False	none_found_in_this_audit	False	undetermined (to be set from adjusted phenotype and tree position)
Psittinus_abbotti	Psittinus abbotti	Psittacidae	Psittinus	Simeulue Parrot	False	False	False	False	none_found_in_this_audit	False	undetermined (to be set from adjusted phenotype and tree position)
Psittacula_finschii	Psittacula finschii	Psittacidae	Psittacula	Grey-headed Parakeet	False	True	False	False	none_found_in_this_audit	False	undetermined (to be set from adjusted phenotype and tree position)
Psittacula_himalayana	Psittacula himalayana	Psittacidae	Psittacula	Slaty-headed Parakeet	True	True	False	False	none_found_in_this_audit	False	undetermined (to be set from adjusted phenotype and tree position)
Psittacula_cyanocephala	Psittacula cyanocephala	Psittacidae	Psittacula	Plum-headed Parakeet	True	True	True	False	none_found_in_this_audit	False	undetermined (to be set from adjusted phenotype and tree position)
Psittacula_eupatria	Psittacula eupatria	Psittacidae	Psittacula	Alexandrine Parakeet	True	True	True	False	none_found_in_this_audit	False	undetermined (to be set from adjusted phenotype and tree position)
Psittacula_roseata	Psittacula roseata	Psittacidae	Psittacula	Blossom-headed Parakeet	True	True	False	False	none_found_in_this_audit	False	undetermined (to be set from adjusted phenotype and tree position)
Psittacula_caniceps	Psittacula caniceps	Psittacidae	Psittacula	Nicobar Parakeet	False	True	False	False	none_found_in_this_audit	False	undetermined (to be set from adjusted phenotype and tree position)
Psittacula_exsul	Psittacula exsul	Psittacidae	Psittacula	Rodrigues Parakeet	False	False	False	False	none_found_in_this_audit	False	undetermined (to be set from adjusted phenotype and tree position)
Psittacula_wardi	Psittacula wardi	Psittacidae	Psittacula	Seychelles Parakeet	False	True	False	False	none_found_in_this_audit	False	undetermined (to be set from adjusted phenotype and tree position)
Geoffroyus_heteroclitus	Geoffroyus heteroclitus	Psittacidae	Geoffroyus	Song Parrot	False	True	False	False	none_found_in_this_audit	False	undetermined (to be set from adjusted phenotype and tree position)
Geoffroyus_simplex	Geoffroyus simplex	Psittacidae	Geoffroyus	Blue-collared Parrot	False	True	False	False	none_found_in_this_audit	False	undetermined (to be set from adjusted phenotype and tree position)
Geoffroyus_geoffroyi	Geoffroyus geoffroyi	Psittacidae	Geoffroyus	Red-cheeked Parrot	False	True	True	False	none_found_in_this_audit	False	undetermined (to be set from adjusted phenotype and tree position)
Eclectus_roratus	Eclectus roratus	Psittacidae	Eclectus	Eclectus Parrot	True	True	True	False	none_found_in_this_audit	False	undetermined (to be set from adjusted phenotype and tree position)
Eclectus_infectus	Eclectus infectus	Psittacidae	Eclectus	Oceanic Parrot	False	False	False	False	none_found_in_this_audit	False	undetermined (to be set from adjusted phenotype and tree position)
Geoffroyus_hyacinthinus	Geoffroyus hyacinthinus	Psittacidae	Geoffroyus	Rennell Parrot	False	False	False	False	none_found_in_this_audit	False	undetermined (to be set from adjusted phenotype and tree position)
Prioniturus_montanus	Prioniturus montanus	Psittacidae	Prioniturus	Montane Racquet-tail	False	True	True	False	none_found_in_this_audit	False	undetermined (to be set from adjusted phenotype and tree position)
Prioniturus_platenae	Prioniturus platenae	Psittacidae	Prioniturus	Blue-headed Racquet-tail	False	False	False	False	none_found_in_this_audit	False	undetermined (to be set from adjusted phenotype and tree position)
Prioniturus_mindorensis	Prioniturus mindorensis	Psittacidae	Prioniturus	Mindoro Racquet-tail	False	False	False	False	none_found_in_this_audit	False	undetermined (to be set from adjusted phenotype and tree position)
Prioniturus_waterstradti	Prioniturus waterstradti	Psittacidae	Prioniturus	Mindanao Racquet-tail	False	False	False	False	none_found_in_this_audit	False	undetermined (to be set from adjusted phenotype and tree position)
Prioniturus_luconensis	Prioniturus luconensis	Psittacidae	Prioniturus	Green Racquet-tail	False	True	False	False	none_found_in_this_audit	False	undetermined (to be set from adjusted phenotype and tree position)
Prioniturus_discurus	Prioniturus discurus	Psittacidae	Prioniturus	Blue-crowned Racquet-tail	False	True	False	False	none_found_in_this_audit	False	undetermined (to be set from adjusted phenotype and tree position)
Prioniturus_flavicans	Prioniturus flavicans	Psittacidae	Prioniturus	Yellowish-breasted Racquet-tail	False	True	False	False	none_found_in_this_audit	False	undetermined (to be set from adjusted phenotype and tree position)
Prioniturus_verticalis	Prioniturus verticalis	Psittacidae	Prioniturus	Sulu Racquet-tail	False	False	False	False	none_found_in_this_audit	False	undetermined (to be set from adjusted phenotype and tree position)
Prioniturus_platurus	Prioniturus platurus	Psittacidae	Prioniturus	Golden-mantled Racquet-tail	False	True	True	False	none_found_in_this_audit	False	undetermined (to be set from adjusted phenotype and tree position)
Prioniturus_mada	Prioniturus mada	Psittacidae	Prioniturus	Buru Racquet-tail	False	True	False	False	none_found_in_this_audit	False	undetermined (to be set from adjusted phenotype and tree position)
Aprosmictus_erythropterus	Aprosmictus erythropterus	Psittacidae	Aprosmictus	Red-winged Parrot	True	True	True	False	none_found_in_this_audit	False	undetermined (to be set from adjusted phenotype and tree position)
Polytelis_alexandrae	Polytelis alexandrae	Psittacidae	Polytelis	Princess Parrot	True	True	True	False	none_found_in_this_audit	False	undetermined (to be set from adjusted phenotype and tree position)
Alisterus_amboinensis	Alisterus amboinensis	Psittacidae	Alisterus	Moluccan King-parrot	True	True	False	False	none_found_in_this_audit	False	undetermined (to be set from adjusted phenotype and tree position)
Alisterus_scapularis	Alisterus scapularis	Psittacidae	Alisterus	Australian King-parrot	False	True	True	False	none_found_in_this_audit	False	undetermined (to be set from adjusted phenotype and tree position)
Alisterus_chloropterus	Alisterus chloropterus	Psittacidae	Alisterus	Papuan King-parrot	True	True	False	False	none_found_in_this_audit	False	undetermined (to be set from adjusted phenotype and tree position)
Aprosmictus_jonquillaceus	Aprosmictus jonquillaceus	Psittacidae	Aprosmictus	Jonquil Parrot	False	True	False	False	none_found_in_this_audit	False	undetermined (to be set from adjusted phenotype and tree position)
Polytelis_anthopeplus	Polytelis anthopeplus	Psittacidae	Polytelis	Regent Parrot	True	True	True	False	none_found_in_this_audit	False	undetermined (to be set from adjusted phenotype and tree position)
Polytelis_swainsonii	Polytelis swainsonii	Psittacidae	Polytelis	Superb Parrot	True	True	True	False	none_found_in_this_audit	False	undetermined (to be set from adjusted phenotype and tree position)
Micropsitta_finschii	Micropsitta finschii	Psittacidae	Micropsitta	Green Pygmy-parrot	False	True	False	False	none_found_in_this_audit	False	undetermined (to be set from adjusted phenotype and tree position)
Micropsitta_bruijnii	Micropsitta bruijnii	Psittacidae	Micropsitta	Red-breasted Pygmy-parrot	False	True	False	False	none_found_in_this_audit	False	undetermined (to be set from adjusted phenotype and tree position)
Micropsitta_keiensis	Micropsitta keiensis	Psittacidae	Micropsitta	Yellow-capped Pygmy-parrot	False	True	False	False	none_found_in_this_audit	False	undetermined (to be set from adjusted phenotype and tree position)
Micropsitta_geelvinkiana	Micropsitta geelvinkiana	Psittacidae	Micropsitta	Geelvink Pygmy-parrot	False	True	False	False	none_found_in_this_audit	False	undetermined (to be set from adjusted phenotype and tree position)
Micropsitta_pusio	Micropsitta pusio	Psittacidae	Micropsitta	Buff-faced Pygmy-parrot	False	True	True	False	none_found_in_this_audit	False	undetermined (to be set from adjusted phenotype and tree position)
Micropsitta_meeki	Micropsitta meeki	Psittacidae	Micropsitta	Yellow-breasted Pygmy-parrot	False	True	False	False	none_found_in_this_audit	False	undetermined (to be set from adjusted phenotype and tree position)
Lophopsittacus_mauritianus	Lophopsittacus mauritianus	Psittacidae	Lophopsittacus	Broad-billed Parrot	False	False	False	False	none_found_in_this_audit	False	undetermined (to be set from adjusted phenotype and tree position)
Lophopsittacus_bensoni	Lophopsittacus bensoni	Psittacidae	Lophopsittacus	Mauritius Grey Parrot	False	False	False	False	none_found_in_this_audit	False	undetermined (to be set from adjusted phenotype and tree position)
Necropsittacus_rodricanus	Necropsittacus rodricanus	Psittacidae	Necropsittacus	Rodrigues Parrot	False	False	False	False	none_found_in_this_audit	False	undetermined (to be set from adjusted phenotype and tree position)
Coracopsis_sibilans	Coracopsis sibilans	Psittacidae	Coracopsis	Comoro Parrot	False	False	False	False	none_found_in_this_audit	False	undetermined (to be set from adjusted phenotype and tree position)
Coracopsis_nigra	Coracopsis nigra	Psittacidae	Coracopsis	Black Parrot	True	True	True	False	none_found_in_this_audit	False	undetermined (to be set from adjusted phenotype and tree position)
Mascarinus_mascarin	Mascarinus mascarin	Psittacidae	Mascarinus	Mascarene Parrot	False	False	False	False	none_found_in_this_audit	False	undetermined (to be set from adjusted phenotype and tree position)
Coracopsis_barklyi	Coracopsis barklyi	Psittacidae	Coracopsis	Seychelles Parrot	False	False	False	False	none_found_in_this_audit	False	undetermined (to be set from adjusted phenotype and tree position)
Coracopsis_vasa	Coracopsis vasa	Psittacidae	Coracopsis	Vasa Parrot	True	True	True	False	none_found_in_this_audit	False	undetermined (to be set from adjusted phenotype and tree position)
Psittrichas_fulgidus	Psittrichas fulgidus	Psittacidae	Psittrichas	Pesquet's Parrot	True	True	True	False	none_found_in_this_audit	False	undetermined (to be set from adjusted phenotype and tree position)
Pionus_senilis	Pionus senilis	Psittacidae	Pionus	White-crowned Parrot	True	True	True	False	none_found_in_this_audit	False	undetermined (to be set from adjusted phenotype and tree position)
Pionus_chalcopterus	Pionus chalcopterus	Psittacidae	Pionus	Bronze-winged Parrot	False	True	True	False	none_found_in_this_audit	False	undetermined (to be set from adjusted phenotype and tree position)
Pionus_tumultuosus	Pionus tumultuosus	Psittacidae	Pionus	Plum-crowned Parrot	False	True	False	False	none_found_in_this_audit	False	undetermined (to be set from adjusted phenotype and tree position)
Pionus_seniloides	Pionus seniloides	Psittacidae	Pionus	White-capped Parrot	True	True	False	False	none_found_in_this_audit	False	undetermined (to be set from adjusted phenotype and tree position)
Pionus_menstruus	Pionus menstruus	Psittacidae	Pionus	Blue-headed Parrot	True	True	True	False	none_found_in_this_audit	False	undetermined (to be set from adjusted phenotype and tree position)
Pionus_fuscus	Pionus fuscus	Psittacidae	Pionus	Dusky Parrot	True	True	True	False	none_found_in_this_audit	False	undetermined (to be set from adjusted phenotype and tree position)
Pionus_maximiliani	Pionus maximiliani	Psittacidae	Pionus	Scaly-headed Parrot	True	True	True	False	none_found_in_this_audit	False	undetermined (to be set from adjusted phenotype and tree position)
Pionus_sordidus	Pionus sordidus	Psittacidae	Pionus	Red-billed Parrot	False	True	False	False	none_found_in_this_audit	False	undetermined (to be set from adjusted phenotype and tree position)
Pionus_reichenowi	Pionus reichenowi	Psittacidae	Pionus	Blue-breasted Parrot	False	False	False	False	none_found_in_this_audit	False	undetermined (to be set from adjusted phenotype and tree position)
Amazona_oratrix	Amazona oratrix	Psittacidae	Amazona	Yellow-headed Amazon	False	True	True	False	none_found_in_this_audit	True	undetermined (to be set from adjusted phenotype and tree position)
Amazona_auropalliata	Amazona auropalliata	Psittacidae	Amazona	Yellow-naped Amazon	False	True	True	False	none_found_in_this_audit	True	undetermined (to be set from adjusted phenotype and tree position)
Amazona_aestiva	Amazona aestiva	Psittacidae	Amazona	Turquoise-fronted Amazon	True	True	True	False	draft_or_in_progress	True	undetermined (to be set from adjusted phenotype and tree position)
Amazona_barbadensis	Amazona barbadensis	Psittacidae	Amazona	Yellow-shouldered Amazon	True	True	True	False	none_found_in_this_audit	True	undetermined (to be set from adjusted phenotype and tree position)
Amazona_versicolor	Amazona versicolor	Psittacidae	Amazona	St Lucia Amazon	False	True	True	False	none_found_in_this_audit	True	undetermined (to be set from adjusted phenotype and tree position)
Amazona_arausiaca	Amazona arausiaca	Psittacidae	Amazona	Red-necked Amazon	False	True	True	False	none_found_in_this_audit	True	undetermined (to be set from adjusted phenotype and tree position)
Amazona_tucumana	Amazona tucumana	Psittacidae	Amazona	Tucuman Amazon	True	True	True	False	none_found_in_this_audit	True	undetermined (to be set from adjusted phenotype and tree position)
Amazona_pretrei	Amazona pretrei	Psittacidae	Amazona	Red-spectacled Amazon	True	True	True	False	none_found_in_this_audit	True	undetermined (to be set from adjusted phenotype and tree position)
Amazona_festiva	Amazona festiva	Psittacidae	Amazona	Southern Festive Amazon	False	True	True	False	none_found_in_this_audit	True	undetermined (to be set from adjusted phenotype and tree position)
Amazona_dufresniana	Amazona dufresniana	Psittacidae	Amazona	Blue-cheeked Amazon	True	True	True	False	none_found_in_this_audit	True	undetermined (to be set from adjusted phenotype and tree position)
Amazona_rhodocorytha	Amazona rhodocorytha	Psittacidae	Amazona	Red-browed Amazon	True	True	True	False	none_found_in_this_audit	True	undetermined (to be set from adjusted phenotype and tree position)
Amazona_autumnalis	Amazona autumnalis	Psittacidae	Amazona	Red-lored Amazon	True	True	True	False	none_found_in_this_audit	True	undetermined (to be set from adjusted phenotype and tree position)
Amazona_viridigenalis	Amazona viridigenalis	Psittacidae	Amazona	Red-crowned Amazon	False	True	True	False	none_found_in_this_audit	True	undetermined (to be set from adjusted phenotype and tree position)
Amazona_finschi	Amazona finschi	Psittacidae	Amazona	Lilac-crowned Amazon	True	True	True	False	none_found_in_this_audit	True	undetermined (to be set from adjusted phenotype and tree position)
Amazona_guatemalae	Amazona guatemalae	Psittacidae	Amazona	Northern Mealy Amazon	False	False	False	False	none_found_in_this_audit	True	undetermined (to be set from adjusted phenotype and tree position)
Amazona_farinosa	Amazona farinosa	Psittacidae	Amazona	Southern Mealy Amazon	False	True	True	False	none_found_in_this_audit	True	undetermined (to be set from adjusted phenotype and tree position)
Amazona_kawalli	Amazona kawalli	Psittacidae	Amazona	White-faced Amazon	False	False	False	False	none_found_in_this_audit	True	undetermined (to be set from adjusted phenotype and tree position)
Amazona_brasiliensis	Amazona brasiliensis	Psittacidae	Amazona	Red-tailed Amazon	True	True	True	False	none_found_in_this_audit	True	undetermined (to be set from adjusted phenotype and tree position)
Amazona_amazonica	Amazona amazonica	Psittacidae	Amazona	Orange-winged Amazon	True	True	True	False	none_found_in_this_audit	True	undetermined (to be set from adjusted phenotype and tree position)
Amazona_guildingii	Amazona guildingii	Psittacidae	Amazona	St Vincent Amazon	True	True	True	False	none_found_in_this_audit	True	undetermined (to be set from adjusted phenotype and tree position)
Amazona_imperialis	Amazona imperialis	Psittacidae	Amazona	Imperial Amazon	False	True	True	False	none_found_in_this_audit	True	undetermined (to be set from adjusted phenotype and tree position)
Amazona_bodini	Amazona bodini	Psittacidae	Amazona	Northern Festive Amazon	False	False	False	False	none_found_in_this_audit	True	undetermined (to be set from adjusted phenotype and tree position)
Amazona_agilis	Amazona agilis	Psittacidae	Amazona	Black-billed Amazon	True	True	True	False	none_found_in_this_audit	True	undetermined (to be set from adjusted phenotype and tree position)
Amazona_vittata	Amazona vittata	Psittacidae	Amazona	Puerto Rican Amazon	True	True	True	False	draft_or_in_progress	True	undetermined (to be set from adjusted phenotype and tree position)
Amazona_lilacina	Amazona lilacina	Psittacidae	Amazona	Lilacine Amazon	True	True	False	False	none_found_in_this_audit	True	undetermined (to be set from adjusted phenotype and tree position)
Amazona_albifrons	Amazona albifrons	Psittacidae	Amazona	White-fronted Amazon	True	True	True	False	none_found_in_this_audit	True	undetermined (to be set from adjusted phenotype and tree position)
Amazona_xantholora	Amazona xantholora	Psittacidae	Amazona	Yellow-lored Amazon	True	True	False	False	none_found_in_this_audit	True	undetermined (to be set from adjusted phenotype and tree position)
Amazona_mercenarius	Amazona mercenarius	Psittacidae	Amazona	Scaly-naped Amazon	False	True	True	False	none_found_in_this_audit	True	undetermined (to be set from adjusted phenotype and tree position)
Amazona_martinicana	Amazona martinicana	Psittacidae	Amazona	Martinique Amazon	False	False	False	False	none_found_in_this_audit	True	undetermined (to be set from adjusted phenotype and tree position)
Amazona_ventralis	Amazona ventralis	Psittacidae	Amazona	Hispaniolan Amazon	True	True	True	False	none_found_in_this_audit	True	undetermined (to be set from adjusted phenotype and tree position)
Amazona_diadema	Amazona diadema	Psittacidae	Amazona	Diademed Amazon	False	False	False	False	none_found_in_this_audit	True	undetermined (to be set from adjusted phenotype and tree position)
Amazona_vinacea	Amazona vinacea	Psittacidae	Amazona	Vinaceous-breasted Amazon	True	True	True	False	none_found_in_this_audit	True	undetermined (to be set from adjusted phenotype and tree position)
Amazona_collaria	Amazona collaria	Psittacidae	Amazona	Yellow-billed Amazon	True	True	False	False	none_found_in_this_audit	True	undetermined (to be set from adjusted phenotype and tree position)
Amazona_leucocephala	Amazona leucocephala	Psittacidae	Amazona	Cuban Amazon	True	True	True	False	none_found_in_this_audit	True	undetermined (to be set from adjusted phenotype and tree position)
Amazona_ochrocephala	Amazona ochrocephala	Psittacidae	Amazona	Yellow-crowned Amazon	True	True	True	False	chromosome_scale	True	undetermined (to be set from adjusted phenotype and tree position)
Amazona_violacea	Amazona violacea	Psittacidae	Amazona	Guadeloupe Amazon	False	False	False	False	none_found_in_this_audit	True	undetermined (to be set from adjusted phenotype and tree position)
Alipiopsitta_xanthops	Alipiopsitta xanthops	Psittacidae	Alipiopsitta	Yellow-faced Amazon	True	True	True	False	none_found_in_this_audit	False	undetermined (to be set from adjusted phenotype and tree position)
Graydidascalus_brachyurus	Graydidascalus brachyurus	Psittacidae	Graydidascalus	Short-tailed Parrot	False	True	True	False	none_found_in_this_audit	False	undetermined (to be set from adjusted phenotype and tree position)
Pyrilia_barrabandi	Pyrilia barrabandi	Psittacidae	Pyrilia	Orange-cheeked Parrot	False	True	True	False	none_found_in_this_audit	False	undetermined (to be set from adjusted phenotype and tree position)
Triclaria_malachitacea	Triclaria malachitacea	Psittacidae	Triclaria	Blue-bellied Parrot	True	True	True	False	none_found_in_this_audit	False	undetermined (to be set from adjusted phenotype and tree position)
Pyrilia_pyrilia	Pyrilia pyrilia	Psittacidae	Pyrilia	Saffron-headed Parrot	False	True	False	False	none_found_in_this_audit	False	undetermined (to be set from adjusted phenotype and tree position)
Pyrilia_vulturina	Pyrilia vulturina	Psittacidae	Pyrilia	Vulturine Parrot	False	True	False	False	none_found_in_this_audit	False	undetermined (to be set from adjusted phenotype and tree position)
Pyrilia_aurantiocephala	Pyrilia aurantiocephala	Psittacidae	Pyrilia	Bald Parrot	False	False	False	False	none_found_in_this_audit	False	undetermined (to be set from adjusted phenotype and tree position)
Pyrilia_caica	Pyrilia caica	Psittacidae	Pyrilia	Caica Parrot	False	True	True	False	none_found_in_this_audit	False	undetermined (to be set from adjusted phenotype and tree position)
Pyrilia_pulchra	Pyrilia pulchra	Psittacidae	Pyrilia	Rose-faced Parrot	False	True	False	False	none_found_in_this_audit	False	undetermined (to be set from adjusted phenotype and tree position)
Pyrilia_haematotis	Pyrilia haematotis	Psittacidae	Pyrilia	Brown-hooded Parrot	False	True	True	False	none_found_in_this_audit	False	undetermined (to be set from adjusted phenotype and tree position)
Hapalopsittaca_fuertesi	Hapalopsittaca fuertesi	Psittacidae	Hapalopsittaca	Indigo-winged Parrot	False	False	False	False	none_found_in_this_audit	False	undetermined (to be set from adjusted phenotype and tree position)
Hapalopsittaca_amazonina	Hapalopsittaca amazonina	Psittacidae	Hapalopsittaca	Rusty-faced Parrot	False	True	False	False	none_found_in_this_audit	False	undetermined (to be set from adjusted phenotype and tree position)
Hapalopsittaca_pyrrhops	Hapalopsittaca pyrrhops	Psittacidae	Hapalopsittaca	Red-faced Parrot	False	False	False	False	none_found_in_this_audit	False	undetermined (to be set from adjusted phenotype and tree position)
Hapalopsittaca_melanotis	Hapalopsittaca melanotis	Psittacidae	Hapalopsittaca	Black-winged Parrot	False	True	False	False	none_found_in_this_audit	False	undetermined (to be set from adjusted phenotype and tree position)
Brotogeris_jugularis	Brotogeris jugularis	Psittacidae	Brotogeris	Orange-chinned Parakeet	False	True	True	False	none_found_in_this_audit	False	undetermined (to be set from adjusted phenotype and tree position)
Brotogeris_pyrrhoptera	Brotogeris pyrrhoptera	Psittacidae	Brotogeris	Grey-cheeked Parakeet	True	True	False	False	none_found_in_this_audit	False	undetermined (to be set from adjusted phenotype and tree position)
Brotogeris_chrysoptera	Brotogeris chrysoptera	Psittacidae	Brotogeris	Golden-winged Parakeet	True	True	True	False	none_found_in_this_audit	False	undetermined (to be set from adjusted phenotype and tree position)
Brotogeris_cyanoptera	Brotogeris cyanoptera	Psittacidae	Brotogeris	Cobalt-winged Parakeet	True	True	False	False	none_found_in_this_audit	False	undetermined (to be set from adjusted phenotype and tree position)
Brotogeris_tirica	Brotogeris tirica	Psittacidae	Brotogeris	Plain Parakeet	True	True	True	False	none_found_in_this_audit	False	undetermined (to be set from adjusted phenotype and tree position)
Brotogeris_versicolurus	Brotogeris versicolurus	Psittacidae	Brotogeris	White-winged Parakeet	True	True	True	False	none_found_in_this_audit	False	undetermined (to be set from adjusted phenotype and tree position)
Brotogeris_chiriri	Brotogeris chiriri	Psittacidae	Brotogeris	Yellow-chevroned Parakeet	False	True	True	False	none_found_in_this_audit	False	undetermined (to be set from adjusted phenotype and tree position)
Brotogeris_sanctithomae	Brotogeris sanctithomae	Psittacidae	Brotogeris	Tui Parakeet	False	True	True	False	none_found_in_this_audit	False	undetermined (to be set from adjusted phenotype and tree position)
Myiopsitta_monachus	Myiopsitta monachus	Psittacidae	Myiopsitta	Monk Parakeet	True	True	True	False	none_found_in_this_audit	False	undetermined (to be set from adjusted phenotype and tree position)
Myiopsitta_luchsi	Myiopsitta luchsi	Psittacidae	Myiopsitta	Cliff Parakeet	False	False	False	False	none_found_in_this_audit	False	undetermined (to be set from adjusted phenotype and tree position)
Eupsittula_aurea	Eupsittula aurea	Psittacidae	Eupsittula	Peach-fronted Parakeet	False	True	True	False	none_found_in_this_audit	False	undetermined (to be set from adjusted phenotype and tree position)
Eupsittula_astec	Eupsittula astec	Psittacidae	Eupsittula	Aztec Parakeet	False	False	False	False	none_found_in_this_audit	False	undetermined (to be set from adjusted phenotype and tree position)
Eupsittula_nana	Eupsittula nana	Psittacidae	Eupsittula	Jamaican Parakeet	True	True	True	False	none_found_in_this_audit	False	undetermined (to be set from adjusted phenotype and tree position)
Eupsittula_canicularis	Eupsittula canicularis	Psittacidae	Eupsittula	Orange-fronted Parakeet	True	True	True	False	none_found_in_this_audit	False	undetermined (to be set from adjusted phenotype and tree position)
Eupsittula_pertinax	Eupsittula pertinax	Psittacidae	Eupsittula	Brown-throated Parakeet	True	True	True	False	none_found_in_this_audit	False	undetermined (to be set from adjusted phenotype and tree position)
Eupsittula_cactorum	Eupsittula cactorum	Psittacidae	Eupsittula	Cactus Parakeet	False	True	True	False	none_found_in_this_audit	False	undetermined (to be set from adjusted phenotype and tree position)
Psittacara_chloropterus	Psittacara chloropterus	Psittacidae	Psittacara	Hispaniolan Parakeet	False	True	True	False	none_found_in_this_audit	False	undetermined (to be set from adjusted phenotype and tree position)
Psittacara_euops	Psittacara euops	Psittacidae	Psittacara	Cuban Parakeet	False	True	False	False	none_found_in_this_audit	False	undetermined (to be set from adjusted phenotype and tree position)
Psittacara_holochlorus	Psittacara holochlorus	Psittacidae	Psittacara	Green Parakeet	True	True	True	False	none_found_in_this_audit	False	undetermined (to be set from adjusted phenotype and tree position)
Psittacara_rubritorquis	Psittacara rubritorquis	Psittacidae	Psittacara	Red-throated Parakeet	True	True	False	False	none_found_in_this_audit	False	undetermined (to be set from adjusted phenotype and tree position)
Psittacara_mitratus	Psittacara mitratus	Psittacidae	Psittacara	Mitred Parakeet	True	True	False	False	none_found_in_this_audit	False	undetermined (to be set from adjusted phenotype and tree position)
Psittacara_wagleri	Psittacara wagleri	Psittacidae	Psittacara	Scarlet-fronted Parakeet	True	True	False	False	none_found_in_this_audit	False	undetermined (to be set from adjusted phenotype and tree position)
Psittacara_leucophthalmus	Psittacara leucophthalmus	Psittacidae	Psittacara	White-eyed Parakeet	True	True	True	False	none_found_in_this_audit	False	undetermined (to be set from adjusted phenotype and tree position)
Ara_chloropterus	Ara chloropterus	Psittacidae	Ara	Red-and-green Macaw	True	True	True	False	none_found_in_this_audit	False	undetermined (to be set from adjusted phenotype and tree position)
Ara_macao	Ara macao	Psittacidae	Ara	Scarlet Macaw	True	True	True	False	draft_or_in_progress	True	undetermined (to be set from adjusted phenotype and tree position)
Ara_severus	Ara severus	Psittacidae	Ara	Chestnut-fronted Macaw	False	True	True	False	none_found_in_this_audit	False	undetermined (to be set from adjusted phenotype and tree position)
Ara_glaucogularis	Ara glaucogularis	Psittacidae	Ara	Blue-throated Macaw	False	True	False	False	none_found_in_this_audit	False	undetermined (to be set from adjusted phenotype and tree position)
Ara_ararauna	Ara ararauna	Psittacidae	Ara	Blue-and-yellow Macaw	True	True	True	False	chromosome_scale	False	undetermined (to be set from adjusted phenotype and tree position)
Ara_tricolor	Ara tricolor	Psittacidae	Ara	Cuban Macaw	False	False	False	False	none_found_in_this_audit	False	undetermined (to be set from adjusted phenotype and tree position)
Ara_militaris	Ara militaris	Psittacidae	Ara	Military Macaw	False	True	True	False	none_found_in_this_audit	False	undetermined (to be set from adjusted phenotype and tree position)
Ara_rubrogenys	Ara rubrogenys	Psittacidae	Ara	Red-fronted Macaw	True	True	True	False	none_found_in_this_audit	False	undetermined (to be set from adjusted phenotype and tree position)
Ara_ambiguus	Ara ambiguus	Psittacidae	Ara	Great Green Macaw	True	True	True	False	none_found_in_this_audit	False	undetermined (to be set from adjusted phenotype and tree position)
Primolius_auricollis	Primolius auricollis	Psittacidae	Primolius	Yellow-collared Macaw	True	True	True	False	none_found_in_this_audit	False	undetermined (to be set from adjusted phenotype and tree position)
Primolius_couloni	Primolius couloni	Psittacidae	Primolius	Blue-headed Macaw	True	True	False	False	none_found_in_this_audit	False	undetermined (to be set from adjusted phenotype and tree position)
Primolius_maracana	Primolius maracana	Psittacidae	Primolius	Blue-winged Macaw	True	True	True	False	none_found_in_this_audit	False	undetermined (to be set from adjusted phenotype and tree position)
Orthopsittaca_manilatus	Orthopsittaca manilatus	Psittacidae	Orthopsittaca	Red-bellied Macaw	True	True	True	False	none_found_in_this_audit	False	undetermined (to be set from adjusted phenotype and tree position)
Cyanopsitta_spixii	Cyanopsitta spixii	Psittacidae	Cyanopsitta	Spix's Macaw	False	True	True	False	draft_or_in_progress	False	undetermined (to be set from adjusted phenotype and tree position)
Aratinga_weddellii	Aratinga weddellii	Psittacidae	Aratinga	Dusky-headed Parakeet	False	True	True	False	none_found_in_this_audit	False	undetermined (to be set from adjusted phenotype and tree position)
Aratinga_jandaya	Aratinga jandaya	Psittacidae	Aratinga	Jandaya Parakeet	True	True	True	False	none_found_in_this_audit	False	undetermined (to be set from adjusted phenotype and tree position)
Aratinga_auricapillus	Aratinga auricapillus	Psittacidae	Aratinga	Golden-capped Parakeet	True	True	True	False	none_found_in_this_audit	False	undetermined (to be set from adjusted phenotype and tree position)
Aratinga_nenday	Aratinga nenday	Psittacidae	Aratinga	Nanday Parakeet	True	True	True	False	none_found_in_this_audit	False	undetermined (to be set from adjusted phenotype and tree position)
Aratinga_maculata	Aratinga maculata	Psittacidae	Aratinga	Sulphur-breasted Parakeet	False	False	False	False	none_found_in_this_audit	False	undetermined (to be set from adjusted phenotype and tree position)
Aratinga_solstitialis	Aratinga solstitialis	Psittacidae	Aratinga	Sun Parakeet	True	True	True	False	none_found_in_this_audit	False	undetermined (to be set from adjusted phenotype and tree position)
Psittacara_acuticaudatus	Psittacara acuticaudatus	Psittacidae	Psittacara	Blue-crowned Parakeet	True	True	True	False	none_found_in_this_audit	False	undetermined (to be set from adjusted phenotype and tree position)
Diopsittaca_nobilis	Diopsittaca nobilis	Psittacidae	Diopsittaca	Northern Red-shouldered Macaw	True	True	True	False	none_found_in_this_audit	False	undetermined (to be set from adjusted phenotype and tree position)
Diopsittaca_cumanensis	Diopsittaca cumanensis	Psittacidae	Diopsittaca	Southern Red-shouldered Macaw	True	True	False	False	none_found_in_this_audit	False	undetermined (to be set from adjusted phenotype and tree position)
Guaruba_guarouba	Guaruba guarouba	Psittacidae	Guaruba	Golden Parakeet	True	True	True	False	chromosome_scale	False	undetermined (to be set from adjusted phenotype and tree position)
Leptosittaca_branickii	Leptosittaca branickii	Psittacidae	Leptosittaca	Golden-plumed Parakeet	False	True	True	False	none_found_in_this_audit	False	undetermined (to be set from adjusted phenotype and tree position)
Psittacara_frontatus	Psittacara frontatus	Psittacidae	Psittacara	Cordilleran Parakeet	False	True	False	False	none_found_in_this_audit	False	undetermined (to be set from adjusted phenotype and tree position)
Psittacara_finschi	Psittacara finschi	Psittacidae	Psittacara	Crimson-fronted Parakeet	True	True	True	False	none_found_in_this_audit	False	undetermined (to be set from adjusted phenotype and tree position)
Psittacara_labati	Psittacara labati	Psittacidae	Psittacara	Guadeloupe Parakeet	False	False	False	False	none_found_in_this_audit	False	undetermined (to be set from adjusted phenotype and tree position)
Psittacara_erythrogenys	Psittacara erythrogenys	Psittacidae	Psittacara	Red-masked Parakeet	True	True	False	False	none_found_in_this_audit	False	undetermined (to be set from adjusted phenotype and tree position)
Anodorhynchus_leari	Anodorhynchus leari	Psittacidae	Anodorhynchus	Lear's Macaw	True	True	True	False	none_found_in_this_audit	False	undetermined (to be set from adjusted phenotype and tree position)
Anodorhynchus_hyacinthinus	Anodorhynchus hyacinthinus	Psittacidae	Anodorhynchus	Hyacinth Macaw	True	True	True	False	draft_or_in_progress	True	undetermined (to be set from adjusted phenotype and tree position)
Anodorhynchus_glaucus	Anodorhynchus glaucus	Psittacidae	Anodorhynchus	Glaucous Macaw	False	True	False	False	none_found_in_this_audit	False	undetermined (to be set from adjusted phenotype and tree position)
Cyanoliseus_patagonus	Cyanoliseus patagonus	Psittacidae	Cyanoliseus	Burrowing Parrot	True	True	True	False	none_found_in_this_audit	False	undetermined (to be set from adjusted phenotype and tree position)
Enicognathus_leptorhynchus	Enicognathus leptorhynchus	Psittacidae	Enicognathus	Slender-billed Parakeet	True	True	True	False	none_found_in_this_audit	False	undetermined (to be set from adjusted phenotype and tree position)
Enicognathus_ferrugineus	Enicognathus ferrugineus	Psittacidae	Enicognathus	Austral Parakeet	False	True	True	False	none_found_in_this_audit	False	undetermined (to be set from adjusted phenotype and tree position)
Rhynchopsitta_pachyrhyncha	Rhynchopsitta pachyrhyncha	Psittacidae	Rhynchopsitta	Thick-billed Parrot	True	True	True	False	none_found_in_this_audit	False	undetermined (to be set from adjusted phenotype and tree position)
Rhynchopsitta_terrisi	Rhynchopsitta terrisi	Psittacidae	Rhynchopsitta	Maroon-fronted Parrot	False	True	False	False	none_found_in_this_audit	False	undetermined (to be set from adjusted phenotype and tree position)
Pyrrhura_leucotis	Pyrrhura leucotis	Psittacidae	Pyrrhura	White-eared Parakeet	True	True	True	False	none_found_in_this_audit	False	undetermined (to be set from adjusted phenotype and tree position)
Pyrrhura_griseipectus	Pyrrhura griseipectus	Psittacidae	Pyrrhura	Grey-breasted Parakeet	True	True	False	False	none_found_in_this_audit	False	undetermined (to be set from adjusted phenotype and tree position)
Pyrrhura_eisenmanni	Pyrrhura eisenmanni	Psittacidae	Pyrrhura	Azuero Parakeet	False	False	False	False	none_found_in_this_audit	False	undetermined (to be set from adjusted phenotype and tree position)
Pyrrhura_snethlageae	Pyrrhura snethlageae	Psittacidae	Pyrrhura	Madeira Parakeet	False	False	False	False	none_found_in_this_audit	False	undetermined (to be set from adjusted phenotype and tree position)
Pyrrhura_amazonum	Pyrrhura amazonum	Psittacidae	Pyrrhura	Santarem Parakeet	False	True	False	False	none_found_in_this_audit	False	undetermined (to be set from adjusted phenotype and tree position)
Pyrrhura_peruviana	Pyrrhura peruviana	Psittacidae	Pyrrhura	Wavy-breasted Parakeet	False	False	False	False	none_found_in_this_audit	False	undetermined (to be set from adjusted phenotype and tree position)
Pyrrhura_rupicola	Pyrrhura rupicola	Psittacidae	Pyrrhura	Black-capped Parakeet	True	True	False	False	none_found_in_this_audit	False	undetermined (to be set from adjusted phenotype and tree position)
Pyrrhura_albipectus	Pyrrhura albipectus	Psittacidae	Pyrrhura	White-necked Parakeet	False	True	False	False	none_found_in_this_audit	False	undetermined (to be set from adjusted phenotype and tree position)
Pyrrhura_melanura	Pyrrhura melanura	Psittacidae	Pyrrhura	Maroon-tailed Parakeet	True	True	True	False	none_found_in_this_audit	False	undetermined (to be set from adjusted phenotype and tree position)
Pyrrhura_rhodocephala	Pyrrhura rhodocephala	Psittacidae	Pyrrhura	Rose-headed Parakeet	True	True	False	False	none_found_in_this_audit	False	undetermined (to be set from adjusted phenotype and tree position)
Pyrrhura_orcesi	Pyrrhura orcesi	Psittacidae	Pyrrhura	El Oro Parakeet	False	True	False	False	none_found_in_this_audit	False	undetermined (to be set from adjusted phenotype and tree position)
Pyrrhura_lepida	Pyrrhura lepida	Psittacidae	Pyrrhura	Pearly Parakeet	False	True	True	False	none_found_in_this_audit	False	undetermined (to be set from adjusted phenotype and tree position)
Pyrrhura_perlata	Pyrrhura perlata	Psittacidae	Pyrrhura	Crimson-bellied Parakeet	True	True	True	False	none_found_in_this_audit	False	undetermined (to be set from adjusted phenotype and tree position)
Pyrrhura_molinae	Pyrrhura molinae		Pyrrhura		False	True	True	False	none_found_in_this_audit	False	undetermined (to be set from adjusted phenotype and tree position)
Pyrrhura_roseifrons	Pyrrhura roseifrons	Psittacidae	Pyrrhura	Rose-fronted Parakeet	False	False	False	False	none_found_in_this_audit	False	undetermined (to be set from adjusted phenotype and tree position)
Pyrrhura_cruentata	Pyrrhura cruentata	Psittacidae	Pyrrhura	Ochre-marked Parakeet	True	True	True	False	none_found_in_this_audit	False	undetermined (to be set from adjusted phenotype and tree position)
Pyrrhura_picta	Pyrrhura picta	Psittacidae	Pyrrhura	Painted Parakeet	True	True	True	False	none_found_in_this_audit	False	undetermined (to be set from adjusted phenotype and tree position)
Pyrrhura_lucianii	Pyrrhura lucianii	Psittacidae	Pyrrhura	Bonaparte's Parakeet	False	False	False	False	none_found_in_this_audit	False	undetermined (to be set from adjusted phenotype and tree position)
Pyrrhura_subandina	Pyrrhura subandina	Psittacidae	Pyrrhura	Sinu Parakeet	False	False	False	False	none_found_in_this_audit	False	undetermined (to be set from adjusted phenotype and tree position)
Pyrrhura_pacifica	Pyrrhura pacifica	Psittacidae	Pyrrhura	Choco Parakeet	True	True	False	False	none_found_in_this_audit	False	undetermined (to be set from adjusted phenotype and tree position)
Pyrrhura_parvifrons	Pyrrhura parvifrons	Psittacidae	Pyrrhura	Garlepp's Parakeet	False	False	False	False	none_found_in_this_audit	False	undetermined (to be set from adjusted phenotype and tree position)
Pyrrhura_calliptera	Pyrrhura calliptera	Psittacidae	Pyrrhura	Brown-breasted Parakeet	False	True	False	False	none_found_in_this_audit	False	undetermined (to be set from adjusted phenotype and tree position)
Pyrrhura_devillei	Pyrrhura devillei	Psittacidae	Pyrrhura	Blaze-winged Parakeet	False	True	False	False	none_found_in_this_audit	False	undetermined (to be set from adjusted phenotype and tree position)
Pyrrhura_hoffmanni	Pyrrhura hoffmanni	Psittacidae	Pyrrhura	Sulphur-winged Parakeet	True	True	True	False	none_found_in_this_audit	False	undetermined (to be set from adjusted phenotype and tree position)
Pyrrhura_pfrimeri	Pyrrhura pfrimeri	Psittacidae	Pyrrhura	Goias Parakeet	False	True	True	False	none_found_in_this_audit	False	undetermined (to be set from adjusted phenotype and tree position)
Pyrrhura_emma	Pyrrhura emma	Psittacidae	Pyrrhura	Venezuelan Parakeet	True	True	False	False	none_found_in_this_audit	False	undetermined (to be set from adjusted phenotype and tree position)
Pyrrhura_egregia	Pyrrhura egregia	Psittacidae	Pyrrhura	Fiery-shouldered Parakeet	False	True	True	False	none_found_in_this_audit	False	undetermined (to be set from adjusted phenotype and tree position)
Pyrrhura_viridicata	Pyrrhura viridicata	Psittacidae	Pyrrhura	Santa Marta Parakeet	False	True	False	False	none_found_in_this_audit	False	undetermined (to be set from adjusted phenotype and tree position)
Pyrrhura_frontalis	Pyrrhura frontalis	Psittacidae	Pyrrhura	Maroon-bellied Parakeet	True	True	True	False	none_found_in_this_audit	False	undetermined (to be set from adjusted phenotype and tree position)
Pyrrhura_hoematotis	Pyrrhura hoematotis	Psittacidae	Pyrrhura	Red-eared Parakeet	False	True	False	False	none_found_in_this_audit	False	undetermined (to be set from adjusted phenotype and tree position)
Pyrrhura_caeruleiceps	Pyrrhura caeruleiceps	Psittacidae	Pyrrhura	Perija Parakeet	False	False	False	False	none_found_in_this_audit	False	undetermined (to be set from adjusted phenotype and tree position)
Pionites_melanocephalus	Pionites melanocephalus	Psittacidae	Pionites	Black-headed Parrot	True	True	True	False	none_found_in_this_audit	False	undetermined (to be set from adjusted phenotype and tree position)
Pionites_leucogaster	Pionites leucogaster	Psittacidae	Pionites	Green-thighed Parrot	True	True	True	False	none_found_in_this_audit	False	undetermined (to be set from adjusted phenotype and tree position)
Pionites_xanthurus	Pionites xanthurus	Psittacidae	Pionites	Yellow-tailed Parrot	False	False	False	False	none_found_in_this_audit	False	undetermined (to be set from adjusted phenotype and tree position)
Pionites_xanthomerius	Pionites xanthomerius	Psittacidae	Pionites	Black-legged Parrot	False	False	False	False	none_found_in_this_audit	False	undetermined (to be set from adjusted phenotype and tree position)
Deroptyus_accipitrinus	Deroptyus accipitrinus	Psittacidae	Deroptyus	Red-fan Parrot	True	True	True	False	none_found_in_this_audit	False	undetermined (to be set from adjusted phenotype and tree position)
Forpus_xanthopterygius	Forpus xanthopterygius	Psittacidae	Forpus	Blue-winged Parrotlet	False	True	True	False	none_found_in_this_audit	False	undetermined (to be set from adjusted phenotype and tree position)
Forpus_xanthops	Forpus xanthops	Psittacidae	Forpus	Yellow-faced Parrotlet	False	True	False	False	none_found_in_this_audit	False	undetermined (to be set from adjusted phenotype and tree position)
Forpus_coelestis	Forpus coelestis	Psittacidae	Forpus	Pacific Parrotlet	True	True	True	False	none_found_in_this_audit	False	undetermined (to be set from adjusted phenotype and tree position)
Forpus_conspicillatus	Forpus conspicillatus	Psittacidae	Forpus	Spectacled Parrotlet	False	True	True	False	none_found_in_this_audit	False	undetermined (to be set from adjusted phenotype and tree position)
Forpus_passerinus	Forpus passerinus	Psittacidae	Forpus	Green-rumped Parrotlet	True	True	True	False	none_found_in_this_audit	False	undetermined (to be set from adjusted phenotype and tree position)
Forpus_cyanopygius	Forpus cyanopygius	Psittacidae	Forpus	Mexican Parrotlet	True	True	True	False	none_found_in_this_audit	False	undetermined (to be set from adjusted phenotype and tree position)
Forpus_modestus	Forpus modestus	Psittacidae	Forpus	Dusky-billed Parrotlet	False	True	True	False	none_found_in_this_audit	False	undetermined (to be set from adjusted phenotype and tree position)
Forpus_spengeli	Forpus spengeli	Psittacidae	Forpus	Turquoise-winged Parrotlet	True	True	False	False	none_found_in_this_audit	False	undetermined (to be set from adjusted phenotype and tree position)
Psilopsiagon_aymara	Psilopsiagon aymara	Psittacidae	Psilopsiagon	Grey-hooded Parakeet	True	True	True	False	none_found_in_this_audit	False	undetermined (to be set from adjusted phenotype and tree position)
Psilopsiagon_aurifrons	Psilopsiagon aurifrons	Psittacidae	Psilopsiagon	Mountain Parakeet	True	True	True	False	none_found_in_this_audit	False	undetermined (to be set from adjusted phenotype and tree position)
Nannopsittaca_panychlora	Nannopsittaca panychlora	Psittacidae	Nannopsittaca	Tepui Parrotlet	False	True	True	False	none_found_in_this_audit	False	undetermined (to be set from adjusted phenotype and tree position)
Nannopsittaca_dachilleae	Nannopsittaca dachilleae	Psittacidae	Nannopsittaca	Amazonian Parrotlet	False	True	True	False	none_found_in_this_audit	False	undetermined (to be set from adjusted phenotype and tree position)
Bolborhynchus_lineola	Bolborhynchus lineola	Psittacidae	Bolborhynchus	Barred Parakeet	True	True	True	False	none_found_in_this_audit	False	undetermined (to be set from adjusted phenotype and tree position)
Bolborhynchus_orbygnesius	Bolborhynchus orbygnesius	Psittacidae	Bolborhynchus	Andean Parakeet	False	True	False	False	none_found_in_this_audit	False	undetermined (to be set from adjusted phenotype and tree position)
Bolborhynchus_ferrugineifrons	Bolborhynchus ferrugineifrons	Psittacidae	Bolborhynchus	Rufous-fronted Parakeet	False	True	False	False	none_found_in_this_audit	False	undetermined (to be set from adjusted phenotype and tree position)
Touit_purpuratus	Touit purpuratus	Psittacidae	Touit	Sapphire-rumped Parrotlet	False	True	True	False	none_found_in_this_audit	False	undetermined (to be set from adjusted phenotype and tree position)
Touit_batavicus	Touit batavicus	Psittacidae	Touit	Lilac-tailed Parrotlet	False	True	False	False	none_found_in_this_audit	False	undetermined (to be set from adjusted phenotype and tree position)
Touit_costaricensis	Touit costaricensis	Psittacidae	Touit	Red-fronted Parrotlet	False	False	False	False	none_found_in_this_audit	False	undetermined (to be set from adjusted phenotype and tree position)
Touit_surdus	Touit surdus	Psittacidae	Touit	Golden-tailed Parrotlet	False	True	False	False	none_found_in_this_audit	False	undetermined (to be set from adjusted phenotype and tree position)
Touit_stictopterus	Touit stictopterus	Psittacidae	Touit	Spot-winged Parrotlet	False	True	False	False	none_found_in_this_audit	False	undetermined (to be set from adjusted phenotype and tree position)
Touit_dilectissimus	Touit dilectissimus	Psittacidae	Touit	Blue-fronted Parrotlet	False	True	True	False	none_found_in_this_audit	False	undetermined (to be set from adjusted phenotype and tree position)
Touit_huetii	Touit huetii	Psittacidae	Touit	Scarlet-shouldered Parrotlet	False	True	False	False	none_found_in_this_audit	False	undetermined (to be set from adjusted phenotype and tree position)
Touit_melanonotus	Touit melanonotus	Psittacidae	Touit	Brown-backed Parrotlet	False	True	False	False	none_found_in_this_audit	False	undetermined (to be set from adjusted phenotype and tree position)
Ognorhynchus_icterotis	Ognorhynchus icterotis	Psittacidae	Ognorhynchus	Yellow-eared Parrot	False	True	True	False	none_found_in_this_audit	False	undetermined (to be set from adjusted phenotype and tree position)
Conuropsis_carolinensis	Conuropsis carolinensis	Psittacidae	Conuropsis	Carolina Parakeet	False	True	True	False	none_found_in_this_audit	False	undetermined (to be set from adjusted phenotype and tree position)
Pionopsitta_pileata	Pionopsitta pileata	Psittacidae	Pionopsitta	Pileated Parrot	True	True	True	False	none_found_in_this_audit	False	undetermined (to be set from adjusted phenotype and tree position)
Poicephalus_gulielmi	Poicephalus gulielmi	Psittacidae	Poicephalus	Red-fronted Parrot	True	True	True	False	none_found_in_this_audit	False	undetermined (to be set from adjusted phenotype and tree position)
Poicephalus_robustus	Poicephalus robustus	Psittacidae	Poicephalus	Brown-necked Parrot	True	True	True	False	none_found_in_this_audit	False	undetermined (to be set from adjusted phenotype and tree position)
Poicephalus_meyeri	Poicephalus meyeri	Psittacidae	Poicephalus	Brown Parrot	True	True	True	False	none_found_in_this_audit	False	undetermined (to be set from adjusted phenotype and tree position)
Poicephalus_senegalus	Poicephalus senegalus	Psittacidae	Poicephalus	Senegal Parrot	True	True	True	False	none_found_in_this_audit	False	undetermined (to be set from adjusted phenotype and tree position)
Poicephalus_rufiventris	Poicephalus rufiventris	Psittacidae	Poicephalus	Red-bellied Parrot	True	True	False	False	none_found_in_this_audit	False	undetermined (to be set from adjusted phenotype and tree position)
Poicephalus_rueppellii	Poicephalus rueppellii	Psittacidae	Poicephalus	Rüppell's Parrot	True	True	False	False	none_found_in_this_audit	False	undetermined (to be set from adjusted phenotype and tree position)
Poicephalus_crassus	Poicephalus crassus	Psittacidae	Poicephalus	Niam-niam Parrot	False	True	False	False	none_found_in_this_audit	False	undetermined (to be set from adjusted phenotype and tree position)
Poicephalus_flavifrons	Poicephalus flavifrons	Psittacidae	Poicephalus	Yellow-fronted Parrot	False	True	False	False	none_found_in_this_audit	False	undetermined (to be set from adjusted phenotype and tree position)
Poicephalus_cryptoxanthus	Poicephalus cryptoxanthus	Psittacidae	Poicephalus	Brown-headed Parrot	True	True	True	False	none_found_in_this_audit	False	undetermined (to be set from adjusted phenotype and tree position)
Psittacus_erithacus	Psittacus erithacus	Psittacidae	Psittacus	Grey Parrot	True	True	True	False	none_found_in_this_audit	False	undetermined (to be set from adjusted phenotype and tree position)
Psittacus_timneh	Psittacus timneh	Psittacidae	Psittacus	Timneh Parrot	True	True	False	False	none_found_in_this_audit	False	undetermined (to be set from adjusted phenotype and tree position)
Psittacella_modesta	Psittacella modesta	Psittacidae	Psittacella	Modest Tiger-parrot	False	True	False	False	none_found_in_this_audit	False	undetermined (to be set from adjusted phenotype and tree position)
Psittacella_brehmii	Psittacella brehmii	Psittacidae	Psittacella	Brehm's Tiger-parrot	False	True	True	False	none_found_in_this_audit	False	undetermined (to be set from adjusted phenotype and tree position)
Psittacella_lorentzi	Psittacella lorentzi	Psittacidae	Psittacella	Snow Mountain Tiger-parrot	False	False	False	False	none_found_in_this_audit	False	undetermined (to be set from adjusted phenotype and tree position)
Psittacella_picta	Psittacella picta	Psittacidae	Psittacella	Painted Tiger-parrot	False	True	True	False	none_found_in_this_audit	False	undetermined (to be set from adjusted phenotype and tree position)
Psittacella_madaraszi	Psittacella madaraszi	Psittacidae	Psittacella	Madarasz's Tiger-parrot	False	True	True	False	none_found_in_this_audit	False	undetermined (to be set from adjusted phenotype and tree position)
Cacatua_ducorpsii	Cacatua ducorpsii	Cacatuidae	Cacatua	Solomons Corella	True	True	True	False	reported_level_unknown	False	undetermined (to be set from adjusted phenotype and tree position)
Cacatua_tenuirostris	Cacatua tenuirostris	Cacatuidae	Cacatua	Long-billed Corella	True	True	True	False	reported_level_unknown	False	undetermined (to be set from adjusted phenotype and tree position)
Cacatua_pastinator	Cacatua pastinator	Cacatuidae	Cacatua	Western Corella	False	True	True	False	none_found_in_this_audit	False	undetermined (to be set from adjusted phenotype and tree position)
Cacatua_sanguinea	Cacatua sanguinea	Cacatuidae	Cacatua	Little Corella	True	True	True	False	reported_level_unknown	False	undetermined (to be set from adjusted phenotype and tree position)
Cacatua_goffiniana	Cacatua goffiniana	Cacatuidae	Cacatua	Tanimbar Corella	False	True	False	False	none_found_in_this_audit	False	undetermined (to be set from adjusted phenotype and tree position)
Cacatua_haematuropygia	Cacatua haematuropygia	Cacatuidae	Cacatua	Philippine Cockatoo	True	True	True	False	none_found_in_this_audit	False	undetermined (to be set from adjusted phenotype and tree position)
Cacatua_moluccensis	Cacatua moluccensis	Cacatuidae	Cacatua	Salmon-crested Cockatoo	True	True	True	False	none_found_in_this_audit	True	undetermined (to be set from adjusted phenotype and tree position)
Cacatua_alba	Cacatua alba	Cacatuidae	Cacatua	White Cockatoo	True	True	True	False	none_found_in_this_audit	False	undetermined (to be set from adjusted phenotype and tree position)
Cacatua_ophthalmica	Cacatua ophthalmica	Cacatuidae	Cacatua	Blue-eyed Cockatoo	True	True	True	False	none_found_in_this_audit	False	undetermined (to be set from adjusted phenotype and tree position)
Cacatua_sulphurea	Cacatua sulphurea	Cacatuidae	Cacatua	Yellow-crested Cockatoo	True	True	True	False	none_found_in_this_audit	False	undetermined (to be set from adjusted phenotype and tree position)
Cacatua_galerita	Cacatua galerita	Cacatuidae	Cacatua	Sulphur-crested Cockatoo	True	True	True	False	chromosome_scale	True	undetermined (to be set from adjusted phenotype and tree position)
Cacatua_leadbeateri	Cacatua leadbeateri	Cacatuidae	Cacatua	Major Mitchell's Cockatoo	False	True	True	False	none_found_in_this_audit	False	undetermined (to be set from adjusted phenotype and tree position)
Eolophus_roseicapilla	Eolophus roseicapilla	Cacatuidae	Eolophus	Galah	True	True	True	False	none_found_in_this_audit	False	undetermined (to be set from adjusted phenotype and tree position)
Callocephalon_fimbriatum	Callocephalon fimbriatum	Cacatuidae	Callocephalon	Gang-gang Cockatoo	False	True	True	False	none_found_in_this_audit	False	undetermined (to be set from adjusted phenotype and tree position)
Probosciger_aterrimus	Probosciger aterrimus	Cacatuidae	Probosciger	Palm Cockatoo	True	True	True	False	none_found_in_this_audit	False	undetermined (to be set from adjusted phenotype and tree position)
Calyptorhynchus_lathami	Calyptorhynchus lathami	Cacatuidae	Calyptorhynchus	Glossy Black-cockatoo	True	True	True	False	none_found_in_this_audit	False	undetermined (to be set from adjusted phenotype and tree position)
Calyptorhynchus_banksii	Calyptorhynchus banksii	Cacatuidae	Calyptorhynchus	Red-tailed Black-cockatoo	False	True	True	False	none_found_in_this_audit	False	undetermined (to be set from adjusted phenotype and tree position)
Zanda_baudinii	Zanda baudinii	Cacatuidae	Zanda	Long-billed Black-cockatoo	False	True	True	False	none_found_in_this_audit	False	undetermined (to be set from adjusted phenotype and tree position)
Zanda_latirostris	Zanda latirostris	Cacatuidae	Zanda	Short-billed Black-cockatoo	False	True	True	False	none_found_in_this_audit	False	undetermined (to be set from adjusted phenotype and tree position)
Zanda_funerea	Zanda funerea	Cacatuidae	Zanda	Yellow-tailed Black-cockatoo	True	True	True	False	none_found_in_this_audit	False	undetermined (to be set from adjusted phenotype and tree position)
Nymphicus_hollandicus	Nymphicus hollandicus	Cacatuidae	Nymphicus	Cockatiel	True	True	True	False	none_found_in_this_audit	True	undetermined (to be set from adjusted phenotype and tree position)
Nestor_notabilis	Nestor notabilis	Strigopidae	Nestor	Kea	True	True	True	False	draft_or_in_progress	True	undetermined (to be set from adjusted phenotype and tree position)
Nestor_meridionalis	Nestor meridionalis	Strigopidae	Nestor	New Zealand Kaka	True	True	True	False	none_found_in_this_audit	False	undetermined (to be set from adjusted phenotype and tree position)
Strigops_habroptila	Strigops habroptila	Strigopidae	Strigops	Kakapo	False	True	True	False	chromosome_scale	False	undetermined (to be set from adjusted phenotype and tree position)
