ref_id	citation	year	doi_or_url	axis	study_type	species	sample	phenotype_or_measure	methods	main_result	limitations	relation_to_project	independence_notes	verification_level
L01	Wirthlin M, et al. Parrot genomes and the evolution of heightened longevity and cognition. Curr Biol	2018	https://doi.org/10.1016/j.cub.2018.10.050	genomics	comparative genomics	Amazona aestiva (new genome) + 30 birds incl. 4 other parrots	31 genomes	longevity and cognition (categorical long-lived vs others)	positive selection, conserved regulatory elements	selection in long-lived birds on genes for telomerase, DNA repair, cell proliferation/cancer, immunity, antioxidant mechanisms; parrot-specific regulatory changes near cognition genes	few parrots; longevity not modelled as a continuous trait within Psittaciformes	main prior study to extend; overlapping candidate modules	—	abstract + web summaries; full text not read in this session
L02	Martini M, Piccinini G, Milani L, Iannello M. Avian lifespan network reveals shared mechanisms and new key players in animal longevity. Aging Cell	2025	https://doi.org/10.1111/acel.70156	genomics	comparative genomics	141 birds	141 genomes	lifespan extremes, body-mass and phylogeny aware	convergence analysis + protein–protein interaction network	convergent genes in birds with similar lifespan; metabolism and cell-cycle control highlighted	across Aves, not within-parrot history; parrot coverage to check	main prior study; defines what a within-Psittaciformes design must add	—	abstract + web summaries
L03	Smeele SQ, et al. Coevolution of relative brain size and life expectancy in parrots. Proc R Soc B 289:20212397	2022	https://doi.org/10.1098/rspb.2021.2397	phenotype	comparative (Bayesian phylogenetic)	244 spp. with zoo records; 218 with published processed estimates	133,818 individuals (ZIMS)	life expectancy at birth (captive), body mass, brain mass, life history	BaSTA Gompertz-bathtub survival; phylogenetic imputation; supertree of Burgio 2019	relative brain size correlates with life expectancy; no effect of developmental time, clutch size, AFR	captive only; LE at birth includes juvenile mortality; brain–LE direction not established	source of the primary phenotype (processed data used here)	same supertree as L06	processed data read and reanalysed in this repo (commit 311066c)
L04	Smith BT, et al. Phylogenomic analysis of the parrots of the world distinguishes artifactual from biological sources of gene tree discordance. Syst Biol 72(1):228–241	2023	https://doi.org/10.1093/sysbio/syac055	phylogeny	phylogenomics (UCEs)	382 ingroup taxa (~96% of species)	—	species tree, discordance	UCE ML and dated trees	near-complete species-level tree; discordance partly artifactual	tree files on Dryad/Zenodo not reachable from this environment	preferred tree for sensitivity; not yet used	—	web summaries
L05	Smith BT, et al. Revised evolutionary and taxonomic synthesis for parrots (Order Psittaciformes) guided by phylogenomic analysis. Bull Am Mus Nat Hist 468	2024	https://doi.org/10.1206/0003-0090.468.1.1	phylogeny	taxonomic synthesis	Psittaciformes	—	taxonomy, dated tree	phylogenomics	revised taxonomy with MCC time tree (Dryad doi:10.5061/dryad.h70rxwdrx)	author list and tree version to verify	candidate replacement tree + taxonomy harmonisation	extends L04 (not independent)	web summaries; authors to verify
L06	Burgio KR, et al. Phylogenetic supertree and functional trait database for all extant parrots. Data in Brief	2019	https://doi.org/10.1016/j.dib.2019.103882	phylogeny	supertree (MRP) + traits	398 extant + 15 extinct	—	time-calibrated supertree	MRP supertree, node calibrations	complete species-level supertree	supertree, not a sequence-based tree; polytomies resolved arbitrarily in places	tree used in Phase 0 (same as L03)	—	tree read and reanalysed here (via parrottraits commit 79a8334)
L07	Hains T, Pirro S, et al. The complete genome sequences of 94 species of parrots (Psittaciformes, Aves). Biodivers Genomes	2022	https://doi.org/10.56179/001c.40338	genomes	genome resource	94 spp., 40 genera	single individuals	—	Illumina 2x150, SPAdes + Zanfona	94 short-read assemblies	no annotation reported; BUSCO/N50 to audit; species list not yet mapped	largest single source of parrot genomes; decides feasibility	—	web summaries
L08	[authors to verify]. The complete genome sequences of 22 parrot species (Psittaciformes, Aves). F1000Research 9:1318	2020	https://f1000research.com/articles/9-1318	genomes	genome resource	22 spp., 14 genera, 3 families (incl. Nymphicus hollandicus, Cacatua leadbeateri)	—	—	short-read	22 assemblies	possible overlap with L07	genome source	may overlap L07	web summaries
L09	Matsuda Y, Makino T. Comparative genomics reveals convergent signals associated with the high metabolism and longevity in birds and bats. Proc R Soc B 291:20241068	2024	https://doi.org/10.1098/rspb.2024.1068	genomics	comparative genomics	birds and bats vs non-flying	—	flight, metabolism, longevity	evolutionary rates, convergent substitutions	lifespan-pathway genes conserved in birds; convergent substitutions in cancer, ROS control, immunity genes	not parrot-specific	novelty context; ROS-control genes for H7	—	web summaries
L10	[authors to verify; Kronforst lab]. Parallel selection for longevity in mammals and birds. bioRxiv 10.64898/2025.12.16.694703	2025	https://www.biorxiv.org/content/10.64898/2025.12.16.694703v1	genomics	comparative genomics (preprint)	long-lived mammals and large long-lived birds	—	longevity	purifying + positive selection scans	shared pathways; 16 genes with concordant positive selection incl. cholesterol metabolism, clearance of oxidised metabolites, pexophagy	preprint; parrot representation unknown	novelty context; candidate genes for oxidative module	preprint: do not count separately from any later article	web summaries
L11	Domínguez-de-Barros A, Sifaoui I, Dorta-Guerra R, Lorenzo-Morales J, Castro-Fuentes R, Córdoba-Lanús E. DNA damage (8-OHdG) and telomere length in captive Psittacidae birds with different longevity. Front Vet Sci	2024	https://doi.org/10.3389/fvets.2024.1430861	oxidative	cross-sectional	captive Psittacidae (long- vs short-lived groups)	43 individuals (26 long-lived, 17 short-lived)	serum 8-OHdG, telomere length, antioxidant capacity	ELISA/qPCR	see oxidative_resilience.tsv	grouping binary; captive; serum only	oxidative axis evidence	same research group and likely same colony as L12, L13	abstract + web summaries
L12	Domínguez-de-Barros A, et al. An approach to the effects of longevity, sexual maturity, and reproduction on telomere length and oxidative stress in different Psittacidae species. Front Genet	2023	https://doi.org/10.3389/fgene.2023.1156730	oxidative	cross-sectional	captive Psittacidae	to extract	telomere length, oxidative stress markers	qPCR, plasma assays	to extract	to extract	oxidative axis evidence	likely overlaps birds of L11/L13	title/abstract level
L13	Córdoba-Lanús E, Domínguez-de-Barros A, et al. Telomere- and oxidative stress dynamics in Psittacidae species with different longevity trajectories. GeroScience 47:121–134	2025	https://doi.org/10.1007/s11357-024-01397-5	oxidative	longitudinal (4 years)	captive Psittaciformes, long- vs short-lived	to extract	erythrocyte TL; plasma oxidative markers	repeated sampling over 4 years	long-lived: longer TL (p=0.012) but faster shortening (p<0.001); breeding increased shortening in long-lived birds (p=0.008)	captive; binary grouping; overlap with L11/L12	first longitudinal parrot telomere data — partially addresses the cross-sectional limitation of L11	same group/colony as L11, L12	abstract + web summaries
C0	Filip T, Scope A. Prevalence of tumors in budgerigars (Melopsittacus undulatus [Shaw 1858]). Tierärztl Prax K 30(5):379–384	2002	https://www.researchgate.net/publication/287684587	cancer	retrospective clinical/pathology series (7 years)	811 budgerigars; 927 other psittacines	1,738 psittacines	neoplasia (benign + malignant)	retrospective review	20.6% budgerigars vs 3.6% other psittacines	benign/malignant not separated in abstract; diagnostic criteria and denominators to confirm	anchor contrast for axis 6A	—	abstract only
C1	Powers LV, Mitchell MA, Garner MM. Macrorhabdus ornithogaster infection and spontaneous proventricular adenocarcinoma in budgerigars. Vet Pathol 56(3):486–493	2019	https://doi.org/10.1177/0300985818823773	cancer	retrospective pathology series (1998–2013)	budgerigars vs all other birds	28,128 avian submissions; 1,006 budgerigars	proventricular adenocarcinoma	histopathology	21/1,006 budgerigars vs 31/27,122 other birds; lesion continuum inflammation→hyperplasia→dysplasia→adenocarcinoma with M. ornithogaster	single service; comparator is all birds; infection confounding	tumour-specific malignant contrast; infection as competing explanation	—	abstract + web summaries
C2	Kapsetaki SE, Compton ZT, et al. Life history traits and cancer prevalence in birds. Evol Med Public Health 12(1):105–116	2024	https://doi.org/10.1093/emph/eoae011	cancer	comparative necropsy database	108 spp., 24 orders, 25 zoos	5,729 necropsies	neoplasia and malignancy prevalence	phylogenetic regressions	clutch size positively associated with neoplasia/cancer; no association with lifespan or body mass	zoo necropsies; per-species parrot values to extract	per-species denominators for parrots	preprint (bioRxiv 2023.02.11.528100) is the same dataset — count once	abstract + web summaries
C3	[authors to verify]. Prevalence, anatomical distribution, and risk factors of adipocytic tumors and xanthomas in Psittaciformes: 1096 cases (1998–2018)	2024	https://pubmed.ncbi.nlm.nih.gov/38980820/	cancer	retrospective case series	Psittaciformes	1,096 cases	adipocytic tumours, xanthomas	pathology database	to extract (species risk factors)	case series; denominators to check	tumour-type-specific species contrasts	may share database with C1	title only
C4	[authors to verify]. Lymphoma in psittacine birds: a histological and immunohistochemical assessment	2021	https://pmc.ncbi.nlm.nih.gov/articles/PMC8290990/	cancer	case series	psittacines	to extract	lymphoma (round-cell)	histology + IHC	cockatiels most common, budgerigars also frequent (per search summary)	case series without population denominators	tumour-type contrast; Nymphicus as comparator	—	web summary
C5	[authors to verify]. Prevalence of neoplastic diseases in pet birds referred for surgical procedures	2016	https://pmc.ncbi.nlm.nih.gov/articles/PMC4770162/	cancer	clinical series	pet birds	to extract	neoplasia among surgical referrals	retrospective	to extract	referral bias	secondary denominator source	—	title only
C6	[authors to verify]. A retrospective study of neoplasms in ornamental and pet birds diagnosed at the Hospital de Aves, UNAM (2007–2014)	2020	https://www.researchgate.net/publication/340330605	cancer	retrospective clinical series	ornamental and pet birds	to extract	neoplasms	retrospective	to extract	single hospital	additional same-source species comparison	—	title only
N1	Lorenzo-Betancor O, et al. Homozygous CADPS2 mutations cause neurodegenerative disease with Lewy body-like pathology in parrots. Mov Disord	2022	https://doi.org/10.1002/mds.29211	neuro	genetic case study	Amazona ochrocephala	3 affected siblings + phenotypically normal parents	early-onset neurodegeneration	WGS, neuropathology	homozygous CADPS2 variant; ataxia, rigidity, tremor; neuronal loss, spongiosis, Lewy body-like inclusions; reduced proteasome activity	genetic, early-onset; not geriatric; n=3	evidence that a parrot brain can develop Lewy-like pathology; not a frequency estimate	bioRxiv 2022.03.30.483987 and a Neurology abstract are the same work — count once	abstract + web summaries
N2	Moussaoui B, et al. Persistent vocal learning in an aging open-ended learner reflected in neural FoxP2 expression. BMC Neurosci	2024	https://doi.org/10.1186/s12868-024-00879-8	neuro	experimental (cross-sectional age groups)	Melopsittacus undulatus	young (6–12 mo) vs adult (≥3 y) males	vocal plasticity, FoxP2 expression	behaviour + expression	vocal convergence maintained in adults; differences in vocal diversity and FoxP2	'aging' group is ≥3 y, far from senescence (~4.6 y captive LE at birth, longer max)	cognitive/plasticity cell of the evidence map	—	as described in protocol; not re-verified
R1	Ogburn CE, Carlberg K, Ottinger MA, Holmes DJ, Martin GM, Austad SN. Exceptional cellular resistance to oxidative damage in long-lived birds requires active gene expression. J Gerontol A 56(11):B468–B474	2001	https://doi.org/10.1093/gerona/56.11.B468	oxidative	in vitro	budgerigar vs Japanese quail (and mouse vs human)	primary embryonic fibroblast-like cells	survival after O2 / H2O2 challenge	cell culture, cycloheximide	budgerigar cells survived challenge better; cycloheximide >1 µg/ml abolished the advantage (not in quail)	embryonic cells; two bird species	tolerance/induced-defence evidence for Melopsittacus (relevant to H5)	—	abstract + web summaries
R1b	[authors to verify; Harper JM et al.?]. Fibroblasts from long-lived bird species are resistant to multiple forms of stress. J Exp Biol 214(11):1902	2011	https://journals.biologists.com/jeb/article/214/11/1902/10336	oxidative	in vitro comparative	multiple bird species (parrot inclusion to check)	to extract	resistance to multiple stressors	cell culture	to extract	to extract	broader test of R1	—	title only
R2	Montgomery MK, Hulbert AJ, Buttemer WA. Does the oxidative stress theory of aging explain longevity differences in birds? I. Mitochondrial ROS production. Exp Gerontol	2012	https://doi.org/10.1016/j.exger.2011.11.006	oxidative	comparative physiology	3 parrot vs 2 quail species (~5-fold longevity difference)	to extract	mitochondrial ROS (heart, skeletal muscle, liver mitochondria; intact erythrocytes)	isolated mitochondria + intact cells	ROS production similar in parrots and quails in all four tissues	five species, two clades: longevity confounded with order	production stage: no support for lower ROS	paired with R3 (same animals)	abstract + web summaries
R3	Montgomery MK, Hulbert AJ, Buttemer WA. Does the oxidative stress theory of aging explain longevity differences in birds? II. Antioxidant systems and oxidative damage. Exp Gerontol	2012	https://doi.org/10.1016/j.exger.2011.11.014	oxidative	comparative physiology	same as R2	to extract	antioxidant enzymes, oxidative damage	biochemical assays	GPx consistently higher in parrots; oxidative damage not globally lower	same as R2	neutralisation vs damage stages	same animals as R2	as described in protocol; not re-verified
R4	Munro D, et al. Comparative studies of mitochondrial reactive oxygen species in animal longevity: technical pitfalls and possibilities. Aging Cell	2019	https://doi.org/10.1111/acel.13009	oxidative	methods review	—	—	ROS measurement	review	measurement choices can drive comparative conclusions	—	guides extraction fields (assay, normalisation)	—	title/abstract level
D01	de Magalhães JP, Costa J. A database of vertebrate longevity records and their relation to other life-history traits. J Evol Biol 22:1770–1774 (AnAge)	2009	https://doi.org/10.1111/j.1420-9101.2009.01783.x	phenotype	database	vertebrates; Psittaciformes subset	per-species records with origin, sample-size class and data quality	maximum longevity	compilation	used as sensitivity outcome (max longevity)	record-based; grows with sample size; some parrot records appear outdated (max < mean LE for Ara macao)	sensitivity outcome	Amniote LHD (D02) partly draws on AnAge — not independent	data read via traitdata commit 5560f5a
D02	Myhrvold NP, et al. An amniote life-history database to perform comparative analyses with birds, mammals, and reptiles. Ecology 96:3109	2015	https://doi.org/10.1890/15-0846R.1	phenotype	database	amniotes	—	maximum longevity and life history	compilation	fills max-longevity gaps not in AnAge	no origin/sample-size fields	gap filler only	overlaps AnAge	data read via traitdata commit 5560f5a
D03	NCBI SRA public metadata (AWS Open Data, s3://sra-pub-metadata-us-east-1)	2026	https://registry.opendata.aws/ncbi-sra/	genomes	metadata snapshot	all SRA; 3,300 Psittaciformes runs	—	sequencing runs per species	Parquet scan (organism column), per-individual base counts	WGS coverage per species (used to tier genome data)	coverage is estimated from bases/1.2 Gb, not from mapping; 'WGS' runs from capture/restriction libraries excluded	decides genome feasibility	—	scanned in this repo (scripts/03)
M01	Bastide P, Ané C, Robin S, Mariadassou M. Inference of adaptive shifts for multivariate correlated traits. Syst Biol 67:662–680 (PhylogeneticEM)	2018	https://doi.org/10.1093/sysbio/syy005	methods	method	—	—	—	scOU shift detection by EM + model selection	used for exploratory regime-shift detection	does not model known tip measurement error	history of relative longevity (H1/H2)	—	package documentation
M02	Maddison WP, FitzJohn RG. The unsolved challenge to phylogenetic correlation tests for categorical characters. Syst Biol 64:127–136	2015	https://doi.org/10.1093/sysbio/syu070	methods	methods critique	—	—	—	—	single evolutionary events can produce 'significant' phylogenetic correlations (pseudoreplication)	—	limits interpretation of the Psittaculidae shift (one event)	—	from prior knowledge; not re-verified in this session
