species	evidence_set	source_id	age_of_birds	n_birds	n_aged_brains_examined	methods	lesions_or_markers_sought	markers_validated_in_species	cognitive_domain	longitudinal	finding	what_it_allows_concluding	gap
Amazona ochrocephala	genetic / early-onset disease	N1	~3 months (affected siblings)	3 affected + parents	0	WGS; neuropathology; proteasome activity	neuronal loss, spongiosis, Lewy body-like inclusions	to check (alpha-synuclein antibody cross-reactivity)	motor (ataxia, rigidity, tremor)	no	homozygous CADPS2 variant with Lewy body-like pathology and reduced proteasome activity	a parrot brain can develop Lewy-like proteinopathy; mechanism exists	no information on spontaneous geriatric frequency
Melopsittacus undulatus	cognition / plasticity	N2	6–12 months vs ≥3 years	to extract	0	behaviour + FoxP2 expression	—	—	vocal learning / convergence	no (cross-sectional age groups)	vocal plasticity maintained in adults; FoxP2 and vocal diversity differ with age	preservation of a vocal-learning component at the ages studied	no senescent birds; no global cognition; no neuropathology
Psittaciformes (218 spp.)	comparative correlate (not neuro-ageing)	L03	species means	—	0	brain mass vs life expectancy	—	—	—	no	relative brain size correlates with life expectancy	cross-species association only	does not show preserved cognition in old age or causal order
Amazona spp.	neuropathology of ageing	none located	—	—	0	—	Aβ, tau/p-tau, alpha-synuclein, lipofuscin, microglia, neuronal loss	—	—	—	not located in this search (2026-09-25)	nothing about spontaneous ageing pathology	coverage insufficient
Cacatua spp.	neuropathology of ageing	none located	—	—	0	—	as above	—	—	—	not located in this search	—	coverage insufficient
Ara / Anodorhynchus	neuropathology of ageing	none located	—	—	0	—	as above	—	—	—	not located in this search	—	coverage insufficient
Psittacus erithacus	neuropathology / cognitive ageing	none located	—	—	0	—	as above	—	—	—	not located in this search (long-term single-subject cognition studies exist but were not searched for ageing endpoints)	—	coverage insufficient; follow-up search planned
Nestor notabilis	cognitive ageing	none located	—	—	0	—	—	—	—	—	not located in this search	—	coverage insufficient
Melopsittacus undulatus	neuropathology of ageing	none located	—	—	0	—	as above	—	—	—	not located in this search	—	coverage insufficient; budgerigar is the most practical species to study (short lifespan, captive colonies)
Nymphicus hollandicus	neuropathology of ageing	none located	—	—	0	—	as above	—	—	—	not located in this search	—	coverage insufficient
