sra_organism	n_wgs_runs	n_biosamples	n_bioprojects	total_gbases	short_read_gbases	long_read_gbases	max_gbases_single_biosample	platforms	bioprojects	centers	first_release	est_cov_best_individual_x	snapshot	retrieved
Agapornis canus	3	2	2	59.80	59.80	0.00	54.88	ILLUMINA	PRJNA667966;PRJNA971241	HONG KONG UNIVERSITY;IRIDIAN GENOMES	2023-08-24	45.70	20260925	2026-09-25
Agapornis canus ablectaneus	3	3	2	9.10	9.10	0.00	4.40	ILLUMINA	PRJNA692616;PRJNA971241	AMNH;HONG KONG UNIVERSITY	2023-03-27	3.70	20260925	2026-09-25
Agapornis fischeri	148	146	6	3689.09	3629.11	59.97	200.58	DNBSEQ;ILLUMINA;OXFORD_NANOPORE	PRJNA1048627;PRJNA1172365;PRJNA1439591;PRJNA667967;PRJNA692616;PRJNA971241	AMNH;HONG KONG UNIVERSITY;IRIDIAN GENOMES;SOUTHWEST UNIVERSITY;THE UNIVERSITY OF HONG KONG	2023-03-27	167.20	20260925	2026-09-25
Agapornis lilianae	30	30	5	332.29	245.85	86.44	86.44	ILLUMINA;OXFORD_NANOPORE	PRJNA1191657;PRJNA1439591;PRJNA667968;PRJNA692616;PRJNA971241	AMNH;HONG KONG UNIVERSITY;IRIDIAN GENOMES;SOUTHWEST UNIVERSITY;UNIVERSITY OF KWAZULU NATAL, PIETERMARITZBURG, SOUTH AFRICA	2023-03-27	72.00	20260925	2026-09-25
Agapornis lilianae x Agapornis fischeri	2	2	1	16.77	16.77	0.00	8.76	ILLUMINA	PRJNA971241	HONG KONG UNIVERSITY	2023-08-24	7.30	20260925	2026-09-25
Agapornis nigrigenis	32	32	5	363.17	270.77	92.40	92.40	ILLUMINA;OXFORD_NANOPORE	PRJEB123072;PRJNA1191657;PRJNA1439591;PRJNA703481;PRJNA971241	HONG KONG UNIVERSITY;IRIDIAN GENOMES;SOUTHWEST UNIVERSITY;UNIVERSITY OF KWAZULU NATAL, PIETERMARITZBURG, SOUTH AFRICA;WELLCOME SANGER INSTITUTE	2023-08-24	77.00	20260925	2026-09-25
Agapornis personatus	62	62	6	1332.79	1268.12	64.67	64.67	DNBSEQ;ILLUMINA;OXFORD_NANOPORE	PRJNA1048627;PRJNA1191657;PRJNA1439591;PRJNA692616;PRJNA703482;PRJNA971241	AMNH;HONG KONG UNIVERSITY;IRIDIAN GENOMES;SOUTHWEST UNIVERSITY;THE UNIVERSITY OF HONG KONG	2023-03-27	53.90	20260925	2026-09-25
Agapornis pullarius	5	5	3	52.77	52.77	0.00	36.55	ILLUMINA	PRJNA692616;PRJNA703483;PRJNA971241	AMNH;HONG KONG UNIVERSITY;IRIDIAN GENOMES	2023-03-27	30.50	20260925	2026-09-25
Agapornis roseicollis	27	18	5	444.77	395.54	49.23	183.54	DNBSEQ;ILLUMINA;OXFORD_NANOPORE	PRJNA1172365;PRJNA355979;PRJNA676153;PRJNA692616;PRJNA971241	AMNH;HONG KONG UNIVERSITY;IRIDIAN GENOMES;NORTH WEST UNIVERSITY;SOUTHWEST UNIVERSITY	2020-05-30	152.90	20260925	2026-09-25
Agapornis roseicollis x Agapornis fischeri	3	3	1	25.40	25.40	0.00	8.54	ILLUMINA	PRJNA971241	HONG KONG UNIVERSITY	2023-08-24	7.10	20260925	2026-09-25
Agapornis sp.	5	5	1	26.08	26.08	0.00	7.71	ILLUMINA	PRJNA1439591	UNIVERSITY OF KWAZULU NATAL, PIETERMARITZBURG, SOUTH AFRICA	2026-03-31	6.40	20260925	2026-09-25
Agapornis swindernianus	3	3	2	25.57	25.57	0.00	21.33	ILLUMINA	PRJNA703484;PRJNA971241	HONG KONG UNIVERSITY;IRIDIAN GENOMES	2023-08-19	17.80	20260925	2026-09-25
Agapornis swindernianus zenkeri	1	1	1	0.69	0.69	0.00	0.69	ILLUMINA	PRJNA692616	AMNH	2023-03-27	0.60	20260925	2026-09-25
Agapornis taranta	6	6	4	100.94	31.97	68.97	68.97	ILLUMINA;OXFORD_NANOPORE	PRJNA1191657;PRJNA692616;PRJNA703485;PRJNA971241	AMNH;HONG KONG UNIVERSITY;IRIDIAN GENOMES;SOUTHWEST UNIVERSITY	2023-03-27	57.50	20260925	2026-09-25
Alipiopsitta xanthops	2	2	2	14.99	14.99	0.00	14.87	ILLUMINA	PRJNA692616;PRJNA703486	AMNH;IRIDIAN GENOMES	2023-03-27	12.40	20260925	2026-09-25
Alisterus amboinensis	1	1	1	0.84	0.84	0.00	0.84	ILLUMINA	PRJNA692616	AMNH	2023-03-27	0.70	20260925	2026-09-25
Alisterus chloropterus callopterus	1	1	1	0.26	0.26	0.00	0.26	ILLUMINA	PRJNA692616	AMNH	2023-03-27	0.20	20260925	2026-09-25
Alisterus scapularis	4	4	2	17.59	17.59	0.00	7.95	ILLUMINA	PRJNA1157411;PRJNA692616	AMERICAN MUSEUM OF NATURAL HISTORY;AMNH	2023-03-27	6.60	20260925	2026-09-25
Amazona aestiva	2	2	2	33.81	33.81	0.00	33.70	ILLUMINA	PRJNA692616;PRJNA703490	AMNH;IRIDIAN GENOMES	2022-03-03	28.10	20260925	2026-09-25
Amazona agilis	1	1	1	0.31	0.31	0.00	0.31	ILLUMINA	PRJNA692616	AMNH	2023-03-27	0.30	20260925	2026-09-25
Amazona albifrons	1	1	1	0.12	0.12	0.00	0.12	ILLUMINA	PRJNA692616	AMNH	2023-03-27	0.10	20260925	2026-09-25
Amazona amazonica	2	2	2	18.66	18.66	0.00	18.56	ILLUMINA	PRJNA692616;PRJNA703493	AMNH;IRIDIAN GENOMES	2023-03-06	15.50	20260925	2026-09-25
Amazona arausiaca	1	1	1	0.30	0.30	0.00	0.30	ILLUMINA	PRJNA692616	AMNH	2023-03-27	0.20	20260925	2026-09-25
Amazona auropalliata	2	2	2	20.95	20.95	0.00	20.81	ILLUMINA	PRJNA692616;PRJNA703495	AMNH;IRIDIAN GENOMES	2023-03-27	17.30	20260925	2026-09-25
Amazona autumnalis	3	3	3	25.50	25.50	0.00	20.60	ILLUMINA	PRJNA480834;PRJNA692616;PRJNA703496	AMNH;IRIDIAN GENOMES;LOUISIANA STATE UNIVERSITY	2018-11-21	17.20	20260925	2026-09-25
Amazona barbadensis	1	1	1	1.39	1.39	0.00	1.39	ILLUMINA	PRJNA692616	AMNH	2023-03-27	1.20	20260925	2026-09-25
Amazona brasiliensis	1	1	1	0.12	0.12	0.00	0.12	ILLUMINA	PRJNA692616	AMNH	2023-03-27	0.10	20260925	2026-09-25
Amazona collaria	1	1	1	0.39	0.39	0.00	0.39	ILLUMINA	PRJNA692616	AMNH	2023-03-27	0.30	20260925	2026-09-25
Amazona diadema	1	1	1	0.22	0.22	0.00	0.22	ILLUMINA	PRJNA692616	AMNH	2023-03-27	0.20	20260925	2026-09-25
Amazona dufresniana	1	1	1	0.29	0.29	0.00	0.29	ILLUMINA	PRJNA692616	AMNH	2023-03-27	0.20	20260925	2026-09-25
Amazona farinosa	2	2	2	23.69	23.69	0.00	22.71	ILLUMINA	PRJNA692616;PRJNA703501	AMNH;IRIDIAN GENOMES	2023-03-27	18.90	20260925	2026-09-25
Amazona festiva	2	2	2	20.80	20.80	0.00	20.62	ILLUMINA	PRJNA692616;PRJNA703502	AMNH;IRIDIAN GENOMES	2023-03-06	17.20	20260925	2026-09-25
Amazona finschi	2	2	2	28.47	28.47	0.00	28.28	ILLUMINA	PRJNA692616;PRJNA703503	AMNH;IRIDIAN GENOMES	2023-03-06	23.60	20260925	2026-09-25
Amazona guildingii	5	3	3	73.96	73.96	0.00	47.51	ILLUMINA	PRJNA545868;PRJNA692616;PRJNA703506	AMNH;B10K CONSORTIUM;IRIDIAN GENOMES	2020-03-31	39.60	20260925	2026-09-25
Amazona imperialis	1	1	1	0.46	0.46	0.00	0.46	ILLUMINA	PRJNA692616	AMNH	2023-03-27	0.40	20260925	2026-09-25
Amazona kawalli	2	2	2	30.38	30.38	0.00	30.23	ILLUMINA	PRJNA692616;PRJNA703508	AMNH;IRIDIAN GENOMES	2023-03-27	25.20	20260925	2026-09-25
Amazona leucocephala	2	2	2	52.88	52.88	0.00	31.94	ILLUMINA	PRJNA496322;PRJNA703509	IRIDIAN GENOMES;OAKLAND UNIVERSITY	2018-12-01	26.60	20260925	2026-09-25
Amazona mercenarius	2	2	2	29.51	29.51	0.00	29.22	ILLUMINA	PRJNA479484;PRJNA692616	AMNH;IRIDIAN GENOMES	2023-03-27	24.40	20260925	2026-09-25
Amazona ochrocephala	14	3	3	514.76	18.13	496.64	496.64	ILLUMINA;PACBIO_SMRT	PRJNA1139356;PRJNA692616;PRJNA703510	AMNH;G10K;IRIDIAN GENOMES	2023-03-27	413.90	20260925	2026-09-25
Amazona oratrix	3	3	3	78.89	24.33	54.56	54.56	ILLUMINA;OXFORD_NANOPORE	PRJEB120753;PRJNA692616;PRJNA703511	AMNH;IRIDIAN GENOMES;UNIVERSITY OF CONNECTICUT	2023-03-06	45.50	20260925	2026-09-25
Amazona pretrei	1	1	1	0.74	0.74	0.00	0.74	ILLUMINA	PRJNA692616	AMNH	2023-03-27	0.60	20260925	2026-09-25
Amazona rhodocorytha	2	2	2	17.12	17.12	0.00	16.60	ILLUMINA	PRJNA692616;PRJNA703513	AMNH;IRIDIAN GENOMES	2023-03-06	13.80	20260925	2026-09-25
Amazona tresmariae	1	1	1	2.26	2.26	0.00	2.26	ILLUMINA	PRJNA692616	AMNH	2023-03-27	1.90	20260925	2026-09-25
Amazona tucumana	1	1	1	0.26	0.26	0.00	0.26	ILLUMINA	PRJNA692616	AMNH	2023-03-27	0.20	20260925	2026-09-25
Amazona ventralis	3	3	3	76.89	76.89	0.00	40.82	ILLUMINA	PRJNA496322;PRJNA692616;PRJNA703515	AMNH;IRIDIAN GENOMES;OAKLAND UNIVERSITY	2018-12-01	34.00	20260925	2026-09-25
Amazona versicolor	2	2	2	29.27	29.27	0.00	26.92	ILLUMINA	PRJNA692616;PRJNA703516	AMNH;IRIDIAN GENOMES	2023-03-27	22.40	20260925	2026-09-25
Amazona vinacea	2	2	2	33.99	33.99	0.00	33.53	ILLUMINA	PRJNA692616;PRJNA703517	AMNH;IRIDIAN GENOMES	2022-08-08	27.90	20260925	2026-09-25
Amazona viridigenalis	1	1	1	0.43	0.43	0.00	0.43	ILLUMINA	PRJNA692616	AMNH	2023-03-27	0.40	20260925	2026-09-25
Amazona vittata	4	2	2	104.14	24.34	79.80	79.80	ILLUMINA;OXFORD_NANOPORE	PRJEB72706;PRJNA171587	INSTITUTE FOR SYSTEMS GENOMICS;OAKLAND UNIVERSITY	2018-12-01	66.50	20260925	2026-09-25
Amazona xantholora	2	2	2	16.75	16.75	0.00	16.32	ILLUMINA	PRJNA692616;PRJNA703520	AMNH;IRIDIAN GENOMES	2023-03-27	13.60	20260925	2026-09-25
Anodorhynchus glaucus	2	2	2	38.68	38.68	0.00	37.99	ILLUMINA	PRJNA1086008;PRJNA692616	AMNH;IRIDIAN GENOMES	2023-03-27	31.70	20260925	2026-09-25
Anodorhynchus hyacinthinus	63	62	4	119.99	119.99	0.00	18.84	ILLUMINA	PRJEB43906;PRJNA1181145;PRJNA481562;PRJNA692616	AMNH;IRIDIAN GENOMES;UNIVERSIDADE FEDERAL DA PARAIBA;WELLCOME SANGER INSTITUTE	2018-07-18	15.70	20260925	2026-09-25
Anodorhynchus leari	2	2	2	36.04	36.04	0.00	35.54	ILLUMINA	PRJNA692616;PRJNA703521	AMNH;IRIDIAN GENOMES	2023-03-27	29.60	20260925	2026-09-25
Aprosmictus erythropterus	4	4	2	13.52	13.52	0.00	4.75	ILLUMINA	PRJNA1157411;PRJNA692616	AMERICAN MUSEUM OF NATURAL HISTORY;AMNH	2023-03-27	4.00	20260925	2026-09-25
Aprosmictus jonquillaceus	1	1	1	1.67	1.67	0.00	1.67	ILLUMINA	PRJNA692616	AMNH	2023-03-27	1.40	20260925	2026-09-25
Ara ambiguus	5	4	3	53.91	53.91	0.00	29.81	ILLUMINA;OXFORD_NANOPORE	PRJEB63985;PRJNA640359;PRJNA692616	AMNH;INSTITUTE FOR SYSTEMS GENOMICS;IRIDIAN GENOMES	2020-06-23	24.80	20260925	2026-09-25
Ara ararauna	14	6	5	377.37	118.17	259.20	259.20	ILLUMINA;PACBIO_SMRT	PRJEB111643;PRJNA1345577;PRJNA1401920;PRJNA497082;PRJNA692616	AMNH;G10K;IRIDIAN GENOMES;LUND UNIVERSITY;UNIVERSIDAD DE ZARAGOZA	2018-10-16	216.00	20260925	2026-09-25
Ara chloropterus	5	4	4	85.01	85.01	0.00	48.27	ILLUMINA	PRJNA528950;PRJNA679636;PRJNA692616;PRJNA997712	AMNH;IRIDIAN GENOMES;MONTCLAIR STATE UNIVERSITY;UNIVERSITY OF VIENNA	2019-03-25	40.20	20260925	2026-09-25
Ara glaucogularis	14	7	5	647.60	528.81	118.79	280.64	BGISEQ;ILLUMINA;OXFORD_NANOPORE	PRJEB47550;PRJNA497077;PRJNA642113;PRJNA692616;PRJNA767781	AMNH;IBE (INSTITUT DE BIOLOGIA EVOLUTIVA);IRIDIAN GENOMES;TEXAS A&M UNIVERSITY;UNIVERSITY OF COPENHAGEN	2018-10-16	233.90	20260925	2026-09-25
Ara macao	7	7	2	216.74	216.74	0.00	41.81	ILLUMINA	PRJNA703524;PRJNA997712	IRIDIAN GENOMES;MONTCLAIR STATE UNIVERSITY	2022-06-20	34.80	20260925	2026-09-25
Ara macao cyanopterus	1	1	1	0.18	0.18	0.00	0.18	ILLUMINA	PRJNA692616	AMNH	2023-03-27	0.20	20260925	2026-09-25
Ara militaris	4	3	3	23.93	23.93	0.00	23.70	ILLUMINA;OXFORD_NANOPORE	PRJEB123066;PRJNA528956;PRJNA692616	AMNH;IRIDIAN GENOMES;WELLCOME SANGER INSTITUTE	2019-03-25	19.80	20260925	2026-09-25
Ara rubrogenys	4	3	3	126.03	22.38	103.65	103.65	ILLUMINA;OXFORD_NANOPORE	PRJEB47551;PRJNA692616;PRJNA703525	AMNH;IBE (INSTITUT DE BIOLOGIA EVOLUTIVA);IRIDIAN GENOMES	2021-07-23	86.40	20260925	2026-09-25
Ara severus	2	2	2	24.01	24.01	0.00	23.91	ILLUMINA	PRJNA692616;PRJNA703526	AMNH;IRIDIAN GENOMES	2022-07-26	19.90	20260925	2026-09-25
Ara tricolor	2	2	1	131.19	131.19	0.00	68.95	ILLUMINA	PRJNA415927	SWEDISH MUSEUM OF NATURAL HISTORY	2018-03-01	57.50	20260925	2026-09-25
Aratinga auricapillus	2	2	2	27.54	27.54	0.00	26.77	ILLUMINA	PRJNA692616;PRJNA703527	AMNH;IRIDIAN GENOMES	2021-11-05	22.30	20260925	2026-09-25
Aratinga jandaya	3	2	2	45.27	45.27	0.00	45.08	ILLUMINA	PRJNA676138;PRJNA692616	AMNH;IRIDIAN GENOMES	2020-11-11	37.60	20260925	2026-09-25
Aratinga maculata	1	1	1	30.66	30.66	0.00	30.66	ILLUMINA	PRJNA703528	IRIDIAN GENOMES	2021-11-01	25.50	20260925	2026-09-25
Aratinga nenday	2	2	2	23.23	23.23	0.00	23.05	ILLUMINA	PRJNA479483;PRJNA692616	AMNH;IRIDIAN GENOMES	2021-06-08	19.20	20260925	2026-09-25
Aratinga solstitialis	9	4	3	354.01	354.01	0.00	277.82	ILLUMINA	PRJEB36582;PRJNA358718;PRJNA692616	AMNH;INSTITUT DE BIOLOGIA EVOLUTIVA (CSIC-UPF);IRIDIAN GENOMES	2017-01-18	231.50	20260925	2026-09-25
Aratinga weddellii	2	1	1	19.51	19.51	0.00	19.51	ILLUMINA	PRJNA481535	IRIDIAN GENOMES	2018-07-17	16.30	20260925	2026-09-25
Barnardius barnardi	1	1	1	0.22	0.22	0.00	0.22	ILLUMINA	PRJNA692616	AMNH	2023-03-27	0.20	20260925	2026-09-25
Barnardius zonarius	2	2	2	23.88	23.88	0.00	23.70	ILLUMINA	PRJNA692616;PRJNA703529	AMNH;IRIDIAN GENOMES	2022-08-13	19.80	20260925	2026-09-25
Bolbopsittacus lunulatus	2	2	2	5.11	5.11	0.00	4.97	ILLUMINA	PRJNA692616;PRJNA971241	AMNH;HONG KONG UNIVERSITY	2023-03-27	4.10	20260925	2026-09-25
Bolborhynchus ferrugineifrons	1	1	1	0.24	0.24	0.00	0.24	ILLUMINA	PRJNA692616	AMNH	2023-03-27	0.20	20260925	2026-09-25
Bolborhynchus lineola	1	1	1	35.19	35.19	0.00	35.19	ILLUMINA	PRJNA703531	IRIDIAN GENOMES	2022-08-13	29.30	20260925	2026-09-25
Bolborhynchus orbygnesius	1	1	1	0.29	0.29	0.00	0.29	ILLUMINA	PRJNA692616	AMNH	2023-03-27	0.20	20260925	2026-09-25
Brotogeris chiriri	2	2	2	34.37	34.37	0.00	34.15	ILLUMINA	PRJNA692616;PRJNA703532	AMNH;IRIDIAN GENOMES	2023-03-27	28.50	20260925	2026-09-25
Brotogeris chrysoptera	2	2	2	23.55	23.55	0.00	23.10	ILLUMINA	PRJNA692616;PRJNA703533	AMNH;IRIDIAN GENOMES	2023-02-03	19.30	20260925	2026-09-25
Brotogeris cyanoptera	2	2	2	36.91	36.91	0.00	36.60	ILLUMINA	PRJNA692616;PRJNA703534	AMNH;IRIDIAN GENOMES	2023-03-27	30.50	20260925	2026-09-25
Brotogeris jugularis	1	1	1	0.22	0.22	0.00	0.22	ILLUMINA	PRJNA692616	AMNH	2023-03-27	0.20	20260925	2026-09-25
Brotogeris pyrrhoptera	2	2	2	40.70	40.70	0.00	40.46	ILLUMINA	PRJNA479485;PRJNA692616	AMNH;IRIDIAN GENOMES	2023-03-27	33.70	20260925	2026-09-25
Brotogeris sanctithomae	2	2	2	37.27	37.27	0.00	36.98	ILLUMINA	PRJNA692616;PRJNA703536	AMNH;IRIDIAN GENOMES	2023-03-27	30.80	20260925	2026-09-25
Brotogeris tirica	2	2	2	32.54	32.54	0.00	32.34	ILLUMINA	PRJNA692616;PRJNA703538	AMNH;IRIDIAN GENOMES	2023-03-27	27.00	20260925	2026-09-25
Brotogeris versicolurus	2	2	2	25.32	25.32	0.00	25.13	ILLUMINA	PRJNA692616;PRJNA703539	AMNH;IRIDIAN GENOMES	2023-03-27	20.90	20260925	2026-09-25
Cacatua alba	3	3	3	24.69	24.69	0.00	24.57	ILLUMINA;OXFORD_NANOPORE	PRJEB104190;PRJNA692616;PRJNA703547	AMNH;IRIDIAN GENOMES;UNIVERSITY OF CONNECTICUT	2022-05-03	20.50	20260925	2026-09-25
Cacatua citrinocristata	1	1	1	0.00	0.00	0.00	0.00	OXFORD_NANOPORE	PRJEB64890	INSTITUTE FOR SYSTEMS GENOMICS	2024-01-02	0.00	20260925	2026-09-25
Cacatua ducorpsii	2	2	2	61.84	61.84	0.00	57.33	ILLUMINA	PRJNA692616;PRJNA703548	AMNH;IRIDIAN GENOMES	2022-08-13	47.80	20260925	2026-09-25
Cacatua galerita	2	2	2	26.40	26.40	0.00	26.23	ILLUMINA	PRJNA692616;PRJNA703552	AMNH;IRIDIAN GENOMES	2023-03-27	21.90	20260925	2026-09-25
Cacatua goffiniana	1	1	1	0.28	0.28	0.00	0.28	ILLUMINA	PRJNA692616	AMNH	2023-03-27	0.20	20260925	2026-09-25
Cacatua haematuropygia	3	3	3	35.48	35.48	0.00	35.32	ILLUMINA;OXFORD_NANOPORE	PRJEB60513;PRJNA692616;PRJNA703554	AMNH;INSTITUTE FOR SYSTEMS GENOMICS;IRIDIAN GENOMES	2023-03-27	29.40	20260925	2026-09-25
Cacatua moluccensis	2	2	2	40.75	40.75	0.00	40.50	ILLUMINA	PRJNA692616;PRJNA703555	AMNH;IRIDIAN GENOMES	2022-08-13	33.80	20260925	2026-09-25
Cacatua ophthalmica	2	2	2	17.07	17.07	0.00	14.94	ILLUMINA	PRJNA692616;PRJNA703556	AMNH;IRIDIAN GENOMES	2023-03-06	12.40	20260925	2026-09-25
Cacatua pastinator	1	1	1	0.17	0.17	0.00	0.17	ILLUMINA	PRJNA692616	AMNH	2023-03-27	0.10	20260925	2026-09-25
Cacatua sanguinea	2	2	2	26.53	26.53	0.00	26.34	ILLUMINA	PRJNA692616;PRJNA703558	AMNH;IRIDIAN GENOMES	2023-02-03	22.00	20260925	2026-09-25
Cacatua sulphurea	3	3	3	34.20	34.20	0.00	33.16	ILLUMINA	PRJNA480834;PRJNA692616;PRJNA703559	AMNH;IRIDIAN GENOMES;LOUISIANA STATE UNIVERSITY	2018-11-21	27.60	20260925	2026-09-25
Cacatua tenuirostris	2	2	2	15.47	15.47	0.00	15.29	ILLUMINA	PRJNA553061;PRJNA692616	AMNH;IRIDIAN GENOMES	2023-02-03	12.70	20260925	2026-09-25
Callocephalon fimbriatum	3	2	2	24.18	24.18	0.00	23.85	ILLUMINA	PRJNA640361;PRJNA692616	AMNH;IRIDIAN GENOMES	2020-06-18	19.90	20260925	2026-09-25
Calyptorhynchus banksii	1	1	1	0.29	0.29	0.00	0.29	ILLUMINA	PRJNA692616	AMNH	2023-03-27	0.20	20260925	2026-09-25
Calyptorhynchus lathami	1	1	1	0.08	0.08	0.00	0.08	ILLUMINA	PRJNA692616	AMNH	2023-03-27	0.10	20260925	2026-09-25
Chalcopsitta atra	2	2	1	0.74	0.74	0.00	0.38	ILLUMINA	PRJNA498485	AMNH	2019-02-19	0.30	20260925	2026-09-25
Chalcopsitta atra atra	1	1	1	0.23	0.23	0.00	0.23	ILLUMINA	PRJNA498485	AMNH	2019-02-28	0.20	20260925	2026-09-25
Chalcopsitta atra bernsteini	1	1	1	0.37	0.37	0.00	0.37	ILLUMINA	PRJNA498485	AMNH	2019-02-28	0.30	20260925	2026-09-25
Chalcopsitta atra insignis	1	1	1	0.15	0.15	0.00	0.15	ILLUMINA	PRJNA498485	AMNH	2019-02-28	0.10	20260925	2026-09-25
Chalcopsitta duivenbodei	1	1	1	19.62	19.62	0.00	19.62	ILLUMINA	PRJNA703566	IRIDIAN GENOMES	2025-01-22	16.40	20260925	2026-09-25
Chalcopsitta duivenbodei duivenbodei	1	1	1	0.79	0.79	0.00	0.79	ILLUMINA	PRJNA498485	AMNH	2019-02-19	0.70	20260925	2026-09-25
Chalcopsitta duivenbodei syringanuchalis	1	1	1	0.33	0.33	0.00	0.33	ILLUMINA	PRJNA498485	AMNH	2019-02-19	0.30	20260925	2026-09-25
Chalcopsitta scintillata	2	2	1	1.21	1.21	0.00	0.84	ILLUMINA	PRJNA498485	AMNH	2019-02-19	0.70	20260925	2026-09-25
Chalcopsitta scintillata chloroptera	2	2	1	0.45	0.45	0.00	0.34	ILLUMINA	PRJNA498485	AMNH	2019-02-19	0.30	20260925	2026-09-25
Chalcopsitta scintillata rubrifrons	3	1	1	0.87	0.87	0.00	0.87	ILLUMINA	PRJNA498485	AMNH	2019-02-19	0.70	20260925	2026-09-25
Chalcopsitta scintillata scintillata	1	1	1	0.25	0.25	0.00	0.25	ILLUMINA	PRJNA498485	AMNH	2019-02-19	0.20	20260925	2026-09-25
Charminetta wilhelminae	2	2	1	0.46	0.46	0.00	0.26	ILLUMINA	PRJNA498485	AMNH	2019-02-28	0.20	20260925	2026-09-25
Charmosyna amabilis	5	2	1	2.27	2.27	0.00	1.21	ILLUMINA	PRJNA498485	AMNH	2019-02-19	1.00	20260925	2026-09-25
Charmosyna josefinae cyclopum	1	1	1	3.00	3.00	0.00	3.00	ILLUMINA	PRJNA498485	AMNH	2019-02-19	2.50	20260925	2026-09-25
Charmosyna josefinae josefinae	1	1	1	0.52	0.52	0.00	0.52	ILLUMINA	PRJNA498485	AMNH	2019-02-28	0.40	20260925	2026-09-25
Charmosyna josefinae sepikiana	1	1	1	0.28	0.28	0.00	0.28	ILLUMINA	PRJNA498485	AMNH	2019-02-19	0.20	20260925	2026-09-25
Charmosyna margarethae	2	2	1	1.94	1.94	0.00	0.98	ILLUMINA	PRJNA498485	AMNH	2019-02-19	0.80	20260925	2026-09-25
Charmosyna meeki	2	2	1	0.78	0.78	0.00	0.46	ILLUMINA	PRJNA498485	AMNH	2019-02-19	0.40	20260925	2026-09-25
Charmosyna multistriata	2	2	1	0.67	0.67	0.00	0.34	ILLUMINA	PRJNA498485	AMNH	2019-02-19	0.30	20260925	2026-09-25
Charmosyna palmarum	4	4	1	0.54	0.54	0.00	0.29	ILLUMINA	PRJNA498485	AMNH	2019-02-19	0.20	20260925	2026-09-25
Charmosyna papou goliathina	2	2	1	1.52	1.52	0.00	1.15	ILLUMINA	PRJNA498485	AMNH	2019-02-19	1.00	20260925	2026-09-25
Charmosyna papou papou	1	1	1	0.20	0.20	0.00	0.20	ILLUMINA	PRJNA498485	AMNH	2019-02-28	0.20	20260925	2026-09-25
Charmosyna papou stellae	2	2	1	0.62	0.62	0.00	0.38	ILLUMINA	PRJNA498485	AMNH	2019-02-19	0.30	20260925	2026-09-25
Charmosyna papou wahnesi	1	1	1	0.35	0.35	0.00	0.35	ILLUMINA	PRJNA498485	AMNH	2019-02-28	0.30	20260925	2026-09-25
Charmosyna placentis intensior	1	1	1	0.29	0.29	0.00	0.29	ILLUMINA	PRJNA498485	AMNH	2019-02-21	0.20	20260925	2026-09-25
Charmosyna placentis ornata	2	2	1	0.65	0.65	0.00	0.44	ILLUMINA	PRJNA498485	AMNH	2019-02-19	0.40	20260925	2026-09-25
Charmosyna placentis pallidior	1	1	1	0.28	0.28	0.00	0.28	ILLUMINA	PRJNA498485	AMNH	2019-02-28	0.20	20260925	2026-09-25
Charmosyna placentis placentis	3	1	1	1.32	1.32	0.00	1.32	ILLUMINA	PRJNA498485	AMNH	2019-02-19	1.10	20260925	2026-09-25
Charmosyna placentis subplacens	2	2	1	0.80	0.80	0.00	0.50	ILLUMINA	PRJNA498485	AMNH	2019-02-19	0.40	20260925	2026-09-25
Charmosyna pulchella pulchella	2	2	1	0.55	0.55	0.00	0.45	ILLUMINA	PRJNA498485	AMNH	2019-02-28	0.40	20260925	2026-09-25
Charmosyna pulchella rothschildi	1	1	1	0.76	0.76	0.00	0.76	ILLUMINA	PRJNA498485	AMNH	2019-02-19	0.60	20260925	2026-09-25
Charmosyna rubrigularis	1	1	1	1.98	1.98	0.00	1.98	ILLUMINA	PRJNA498485	AMNH	2019-02-19	1.60	20260925	2026-09-25
Charmosyna rubronotata rubronotata	3	3	1	2.04	2.04	0.00	1.17	ILLUMINA	PRJNA498485	AMNH	2019-02-19	1.00	20260925	2026-09-25
Charmosyna toxopei	3	1	1	2.24	2.24	0.00	2.24	ILLUMINA	PRJNA498485	AMNH	2019-02-19	1.90	20260925	2026-09-25
Conuropsis carolinensis	19	12	3	229.97	229.97	0.00	192.53	BGISEQ;ILLUMINA	PRJEB33130;PRJNA660786;PRJNA802724	AMNH;INSTITUT DE BIOLOGIA EVOLUTIVA (CSIC-UPF);IRIDIAN GENOMES	2019-11-17	160.40	20260925	2026-09-25
Conuropsis carolinensis carolinensis	1	1	1	0.36	0.36	0.00	0.36	ILLUMINA	PRJNA692616	AMNH	2023-03-27	0.30	20260925	2026-09-25
Coracopsis barklyi	1	1	1	0.70	0.70	0.00	0.70	ILLUMINA	PRJNA692616	AMNH	2023-03-27	0.60	20260925	2026-09-25
Coracopsis nigra	1	1	1	28.05	28.05	0.00	28.05	ILLUMINA	PRJNA479488	IRIDIAN GENOMES	2024-07-05	23.40	20260925	2026-09-25
Coracopsis nigra nigra	1	1	1	0.20	0.20	0.00	0.20	ILLUMINA	PRJNA692616	AMNH	2023-03-27	0.20	20260925	2026-09-25
Coracopsis vasa	2	2	2	22.11	22.11	0.00	21.95	ILLUMINA	PRJNA479489;PRJNA692616	AMNH;IRIDIAN GENOMES	2022-05-03	18.30	20260925	2026-09-25
Cyanoliseus patagonus	3	3	3	195.74	195.74	0.00	172.17	DNBSEQ;ILLUMINA	PRJNA1307197;PRJNA692616;PRJNA703591	AMNH;IRIDIAN GENOMES;ZHEJIANG UNIVERSITY	2022-08-13	143.50	20260925	2026-09-25
Cyanopsitta spixii	2	2	2	121.10	121.10	0.00	119.67	ILLUMINA	PRJNA692616;PRJNA703592	AMNH;IRIDIAN GENOMES	2022-08-31	99.70	20260925	2026-09-25
Cyanoramphus auriceps	1	1	1	0.33	0.33	0.00	0.33	ILLUMINA	PRJNA692616	AMNH	2023-03-27	0.30	20260925	2026-09-25
Cyanoramphus cookii	1	1	1	0.39	0.39	0.00	0.39	ILLUMINA	PRJNA692616	AMNH	2023-03-27	0.30	20260925	2026-09-25
Cyanoramphus forbesi	1	1	1	0.09	0.09	0.00	0.09	ILLUMINA	PRJNA692616	AMNH	2023-03-27	0.10	20260925	2026-09-25
Cyanoramphus hochstetteri	1	1	1	0.33	0.33	0.00	0.33	ILLUMINA	PRJNA692616	AMNH	2023-03-27	0.30	20260925	2026-09-25
Cyanoramphus malherbi	1	1	1	1.17	1.17	0.00	1.17	ILLUMINA	PRJNA692616	AMNH	2023-03-27	1.00	20260925	2026-09-25
Cyanoramphus novaezelandiae	2	2	2	43.20	43.20	0.00	43.02	ILLUMINA	PRJNA692616;PRJNA703598	AMNH;IRIDIAN GENOMES	2022-08-13	35.90	20260925	2026-09-25
Cyanoramphus saisseti	2	2	2	25.08	25.08	0.00	24.61	ILLUMINA	PRJNA692616;PRJNA703599	AMNH;IRIDIAN GENOMES	2023-03-27	20.50	20260925	2026-09-25
Cyanoramphus unicolor	1	1	1	0.72	0.72	0.00	0.72	ILLUMINA	PRJNA692616	AMNH	2023-03-27	0.60	20260925	2026-09-25
Cyclopsitta diophthalma	3	3	3	102.03	102.03	0.00	101.30	DNBSEQ;ILLUMINA	PRJNA1307197;PRJNA498485;PRJNA692616	AMNH;ZHEJIANG UNIVERSITY	2019-02-19	84.40	20260925	2026-09-25
Cyclopsitta gulielmitertii	1	1	1	0.47	0.47	0.00	0.47	ILLUMINA	PRJNA692616	AMNH	2023-03-27	0.40	20260925	2026-09-25
Deroptyus accipitrinus	2	2	2	36.84	36.84	0.00	36.50	ILLUMINA	PRJNA692616;PRJNA703673	AMNH;IRIDIAN GENOMES	2022-06-08	30.40	20260925	2026-09-25
Diopsittaca nobilis	2	1	1	42.41	42.41	0.00	42.41	ILLUMINA	PRJNA675142	IRIDIAN GENOMES	2020-11-06	35.30	20260925	2026-09-25
Eclectus roratus	3	2	2	22.90	22.90	0.00	22.71	ILLUMINA	PRJNA528951;PRJNA692616	AMNH;IRIDIAN GENOMES	2019-03-25	18.90	20260925	2026-09-25
Enicognathus ferrugineus	1	1	1	18.23	18.23	0.00	18.23	ILLUMINA	PRJNA555786	IRIDIAN GENOMES	2023-03-06	15.20	20260925	2026-09-25
Enicognathus ferrugineus ferrugineus	1	1	1	0.35	0.35	0.00	0.35	ILLUMINA	PRJNA692616	AMNH	2023-03-27	0.30	20260925	2026-09-25
Enicognathus leptorhynchus	2	2	2	33.36	33.36	0.00	32.81	ILLUMINA	PRJNA692616;PRJNA703677	AMNH;IRIDIAN GENOMES	2023-03-27	27.30	20260925	2026-09-25
Eolophus roseicapilla	8	3	3	90.00	90.00	0.00	55.71	ILLUMINA	PRJNA545868;PRJNA692616;PRJNA703678	AMNH;B10K CONSORTIUM;IRIDIAN GENOMES	2020-03-31	46.40	20260925	2026-09-25
Eos bornea	2	2	1	1.03	1.03	0.00	0.65	ILLUMINA	PRJNA498485	AMNH	2019-02-19	0.50	20260925	2026-09-25
Eos bornea bornea	1	1	1	0.60	0.60	0.00	0.60	ILLUMINA	PRJNA498485	AMNH	2019-02-19	0.50	20260925	2026-09-25
Eos bornea cyanonotha	1	1	1	0.44	0.44	0.00	0.44	ILLUMINA	PRJNA498485	AMNH	2019-02-19	0.40	20260925	2026-09-25
Eos cyanogenia	3	3	2	36.26	36.26	0.00	35.37	ILLUMINA	PRJNA498485;PRJNA703652	AMNH;IRIDIAN GENOMES	2019-02-19	29.50	20260925	2026-09-25
Eos histrio	4	2	2	139.87	139.25	0.62	139.38	ILLUMINA;OXFORD_NANOPORE	PRJNA498485;PRJNA640343	AMNH;IRIDIAN GENOMES	2019-02-19	116.10	20260925	2026-09-25
Eos histrio histrio	1	1	1	0.52	0.52	0.00	0.52	ILLUMINA	PRJNA498485	AMNH	2019-02-19	0.40	20260925	2026-09-25
Eos histrio talautensis	3	1	1	1.14	1.14	0.00	1.14	ILLUMINA	PRJNA498485	AMNH	2019-02-19	1.00	20260925	2026-09-25
Eos reticulata	2	2	1	0.58	0.58	0.00	0.36	ILLUMINA	PRJNA498485	AMNH	2019-02-19	0.30	20260925	2026-09-25
Eos semilarvata	4	3	2	24.53	24.53	0.00	23.33	ILLUMINA	PRJNA498485;PRJNA640354	AMNH;IRIDIAN GENOMES	2019-02-19	19.40	20260925	2026-09-25
Eos squamata obiensis	1	1	1	0.47	0.47	0.00	0.47	ILLUMINA	PRJNA498485	AMNH	2019-02-19	0.40	20260925	2026-09-25
Eos squamata squamata	3	1	1	2.87	2.87	0.00	2.87	ILLUMINA	PRJNA498485	AMNH	2019-02-19	2.40	20260925	2026-09-25
Eunymphicus cornutus	1	1	1	0.21	0.21	0.00	0.21	ILLUMINA	PRJNA692616	AMNH	2023-03-27	0.20	20260925	2026-09-25
Eunymphicus uvaeensis	1	1	1	0.21	0.21	0.00	0.21	ILLUMINA	PRJNA692616	AMNH	2023-03-27	0.20	20260925	2026-09-25
Eupsittula astec	2	2	2	24.57	24.57	0.00	24.38	ILLUMINA	PRJNA692616;PRJNA718318	AMNH;IRIDIAN GENOMES	2023-03-27	20.30	20260925	2026-09-25
Eupsittula aurea	2	2	2	23.19	23.19	0.00	22.90	ILLUMINA	PRJNA692616;PRJNA703694	AMNH;IRIDIAN GENOMES	2021-11-10	19.10	20260925	2026-09-25
Eupsittula cactorum	1	1	1	22.01	22.01	0.00	22.01	ILLUMINA	PRJNA703695	IRIDIAN GENOMES	2021-10-31	18.30	20260925	2026-09-25
Eupsittula cactorum caixana	1	1	1	0.22	0.22	0.00	0.22	ILLUMINA	PRJNA692616	AMNH	2023-03-27	0.20	20260925	2026-09-25
Eupsittula canicularis	2	1	1	23.62	23.62	0.00	23.62	ILLUMINA	PRJNA676128	IRIDIAN GENOMES	2020-11-11	19.70	20260925	2026-09-25
Eupsittula canicularis canicularis	1	1	1	0.29	0.29	0.00	0.29	ILLUMINA	PRJNA692616	AMNH	2023-03-27	0.20	20260925	2026-09-25
Eupsittula nana	1	1	1	38.91	38.91	0.00	38.91	ILLUMINA	PRJNA703696	IRIDIAN GENOMES	2021-10-06	32.40	20260925	2026-09-25
Eupsittula pertinax	4	2	2	49.21	49.21	0.00	49.09	ILLUMINA	PRJNA596746;PRJNA692616	AMNH;IRIDIAN GENOMES	2019-12-19	40.90	20260925	2026-09-25
Forpus coelestis	2	2	2	24.53	24.53	0.00	24.19	ILLUMINA	PRJNA692616;PRJNA703697	AMNH;IRIDIAN GENOMES	2023-03-27	20.20	20260925	2026-09-25
Forpus conspicillatus	1	1	1	23.95	23.95	0.00	23.95	ILLUMINA	PRJNA703699	IRIDIAN GENOMES	2023-05-16	20.00	20260925	2026-09-25
Forpus conspicillatus caucae	1	1	1	0.45	0.45	0.00	0.45	ILLUMINA	PRJNA692616	AMNH	2023-03-27	0.40	20260925	2026-09-25
Forpus crassirostris	2	2	2	21.99	21.99	0.00	21.80	ILLUMINA	PRJNA692616;PRJNA718755	AMNH;IRIDIAN GENOMES	2023-03-27	18.20	20260925	2026-09-25
Forpus cyanopygius	2	2	2	25.14	25.14	0.00	24.90	ILLUMINA	PRJNA692616;PRJNA703700	AMNH;IRIDIAN GENOMES	2023-03-27	20.70	20260925	2026-09-25
Forpus modestus	1	1	1	20.04	20.04	0.00	20.04	ILLUMINA	PRJNA703701	IRIDIAN GENOMES	2023-05-16	16.70	20260925	2026-09-25
Forpus modestus sclateri	1	1	1	0.20	0.20	0.00	0.20	ILLUMINA	PRJNA692616	AMNH	2023-03-27	0.20	20260925	2026-09-25
Forpus passerinus	3	3	3	234.21	234.21	0.00	214.90	DNBSEQ;ILLUMINA	PRJEB102986;PRJNA692616;PRJNA703702	AMNH;B10K PROJECT;IRIDIAN GENOMES	2023-03-27	179.10	20260925	2026-09-25
Forpus spengeli	2	2	2	27.35	27.35	0.00	26.81	ILLUMINA	PRJNA692616;PRJNA718766	AMNH;IRIDIAN GENOMES	2023-03-27	22.30	20260925	2026-09-25
Forpus xanthops	2	2	2	22.34	22.34	0.00	21.75	ILLUMINA	PRJNA692616;PRJNA703703	AMNH;IRIDIAN GENOMES	2023-03-27	18.10	20260925	2026-09-25
Forpus xanthopterygius	2	2	2	25.79	25.79	0.00	25.64	ILLUMINA	PRJNA692616;PRJNA703704	AMNH;IRIDIAN GENOMES	2023-03-27	21.40	20260925	2026-09-25
Geoffroyus geoffroyi	1	1	1	0.30	0.30	0.00	0.30	ILLUMINA	PRJNA692616	AMNH	2023-03-27	0.30	20260925	2026-09-25
Geoffroyus heteroclitus heteroclitus	1	1	1	0.18	0.18	0.00	0.18	ILLUMINA	PRJNA692616	AMNH	2023-03-27	0.20	20260925	2026-09-25
Geoffroyus simplex simplex	1	1	1	0.54	0.54	0.00	0.54	ILLUMINA	PRJNA692616	AMNH	2023-03-27	0.50	20260925	2026-09-25
Glossopsitta concinna	2	2	2	99.79	99.79	0.00	99.02	ILLUMINA	PRJNA498485;PRJNA703788	AMNH;IRIDIAN GENOMES	2019-03-01	82.50	20260925	2026-09-25
Glossopsitta concinna concinna	1	1	1	0.41	0.41	0.00	0.41	ILLUMINA	PRJNA498485	AMNH	2019-02-19	0.30	20260925	2026-09-25
Glossopsitta concinna didimus	1	1	1	0.37	0.37	0.00	0.37	ILLUMINA	PRJNA498485	AMNH	2019-02-19	0.30	20260925	2026-09-25
Graydidascalus brachyurus	1	1	1	0.26	0.26	0.00	0.26	ILLUMINA	PRJNA692616	AMNH	2023-03-27	0.20	20260925	2026-09-25
Guaruba guarouba	5	3	3	167.18	23.50	143.69	143.69	ILLUMINA;PACBIO_SMRT	PRJNA1292825;PRJNA551769;PRJNA692616	AMNH;G10K;IRIDIAN GENOMES	2019-06-29	119.70	20260925	2026-09-25
Hapalopsittaca amazonina	1	1	1	0.21	0.21	0.00	0.21	ILLUMINA	PRJNA692616	AMNH	2023-03-27	0.20	20260925	2026-09-25
Hapalopsittaca amazonina velezi	1	1	1	0.13	0.13	0.00	0.13	ILLUMINA	PRJNA692616	AMNH	2023-03-27	0.10	20260925	2026-09-25
Hapalopsittaca fuertesi	1	1	1	0.12	0.12	0.00	0.12	ILLUMINA	PRJNA692616	AMNH	2023-03-27	0.10	20260925	2026-09-25
Hapalopsittaca melanotis	1	1	1	0.22	0.22	0.00	0.22	ILLUMINA	PRJNA692616	AMNH	2023-03-27	0.20	20260925	2026-09-25
Lathamus discolor	6	3	3	168.06	0.28	167.79	132.07	ILLUMINA;PACBIO_SMRT	PRJNA1021263;PRJNA1141622;PRJNA692616	AMNH;G10K;THE UNIVERSITY OF SYDNEY	2023-03-27	110.10	20260925	2026-09-25
Leptosittaca branickii	1	1	1	0.21	0.21	0.00	0.21	ILLUMINA	PRJNA692616	AMNH	2023-03-27	0.20	20260925	2026-09-25
Lophochroa leadbeateri	3	2	2	25.98	25.98	0.00	25.86	ILLUMINA	PRJNA528955;PRJNA692616	AMNH;IRIDIAN GENOMES	2019-03-25	21.60	20260925	2026-09-25
Loriculus amabilis	1	1	1	0.93	0.93	0.00	0.93	ILLUMINA	PRJNA692616	AMNH	2023-03-27	0.80	20260925	2026-09-25
Loriculus aurantiifrons	1	1	1	0.17	0.17	0.00	0.17	ILLUMINA	PRJNA692616	AMNH	2023-03-27	0.10	20260925	2026-09-25
Loriculus beryllinus	2	2	2	31.69	31.69	0.00	30.07	ILLUMINA	PRJNA692616;PRJNA703627	AMNH;IRIDIAN GENOMES	2023-03-27	25.10	20260925	2026-09-25
Loriculus catamene	1	1	1	0.49	0.49	0.00	0.49	ILLUMINA	PRJNA692616	AMNH	2023-03-27	0.40	20260925	2026-09-25
Loriculus exilis	1	1	1	0.31	0.31	0.00	0.31	ILLUMINA	PRJNA692616	AMNH	2023-03-27	0.30	20260925	2026-09-25
Loriculus galgulus	3	3	3	41.48	41.48	0.00	35.35	ILLUMINA	PRJNA692616;PRJNA703629;PRJNA971241	AMNH;HONG KONG UNIVERSITY;IRIDIAN GENOMES	2023-03-27	29.50	20260925	2026-09-25
Loriculus philippensis	1	1	1	44.25	44.25	0.00	44.25	ILLUMINA	PRJNA703630	IRIDIAN GENOMES	2024-05-08	36.90	20260925	2026-09-25
Loriculus philippensis mindorensis	1	1	1	0.24	0.24	0.00	0.24	ILLUMINA	PRJNA692616	AMNH	2023-03-27	0.20	20260925	2026-09-25
Loriculus pusillus	2	2	2	29.61	29.61	0.00	29.27	ILLUMINA	PRJNA692616;PRJNA703631	AMNH;IRIDIAN GENOMES	2023-03-27	24.40	20260925	2026-09-25
Loriculus sclateri	1	1	1	0.47	0.47	0.00	0.47	ILLUMINA	PRJNA692616	AMNH	2023-03-27	0.40	20260925	2026-09-25
Loriculus stigmatus	1	1	1	0.15	0.15	0.00	0.15	ILLUMINA	PRJNA692616	AMNH	2023-03-27	0.10	20260925	2026-09-25
Loriculus tener	1	1	1	0.37	0.37	0.00	0.37	ILLUMINA	PRJNA692616	AMNH	2023-03-27	0.30	20260925	2026-09-25
Loriculus vernalis	2	2	2	31.23	31.23	0.00	31.01	ILLUMINA	PRJNA692616;PRJNA703633	AMNH;IRIDIAN GENOMES	2023-03-27	25.80	20260925	2026-09-25
Lorius albidinucha	2	2	1	0.83	0.83	0.00	0.68	ILLUMINA	PRJNA498485	AMNH	2019-02-28	0.60	20260925	2026-09-25
Lorius chlorocercus	3	3	2	26.30	26.30	0.00	25.39	ILLUMINA	PRJNA498485;PRJNA703799	AMNH;IRIDIAN GENOMES	2019-02-19	21.20	20260925	2026-09-25
Lorius domicella	2	2	1	0.83	0.83	0.00	0.48	ILLUMINA	PRJNA498485	AMNH	2019-02-21	0.40	20260925	2026-09-25
Lorius garrulus	3	2	2	38.92	38.92	0.00	38.69	ILLUMINA	PRJNA479580;PRJNA498485	AMNH;IRIDIAN GENOMES	2018-07-04	32.20	20260925	2026-09-25
Lorius garrulus flavopalliatus	1	1	1	0.91	0.91	0.00	0.91	ILLUMINA	PRJNA498485	AMNH	2019-02-19	0.80	20260925	2026-09-25
Lorius garrulus garrulus	1	1	1	0.18	0.18	0.00	0.18	ILLUMINA	PRJNA498485	AMNH	2019-03-01	0.10	20260925	2026-09-25
Lorius garrulus morotaianus	3	1	1	1.09	1.09	0.00	1.09	ILLUMINA	PRJNA498485	AMNH	2019-02-19	0.90	20260925	2026-09-25
Lorius hypoinochrous	1	1	1	35.47	35.47	0.00	35.47	ILLUMINA	PRJNA703800	IRIDIAN GENOMES	2024-03-20	29.60	20260925	2026-09-25
Lorius hypoinochrous devittatus	2	2	1	0.58	0.58	0.00	0.30	ILLUMINA	PRJNA498485	AMNH	2019-02-19	0.20	20260925	2026-09-25
Lorius hypoinochrous hypoinochrous	1	1	1	0.29	0.29	0.00	0.29	ILLUMINA	PRJNA498485	AMNH	2019-02-28	0.20	20260925	2026-09-25
Lorius hypoinochrous rosselianus	1	1	1	0.36	0.36	0.00	0.36	ILLUMINA	PRJNA498485	AMNH	2019-02-19	0.30	20260925	2026-09-25
Lorius lory	1	1	1	41.39	41.39	0.00	41.39	ILLUMINA	PRJNA703801	IRIDIAN GENOMES	2022-08-13	34.50	20260925	2026-09-25
Lorius lory cyanauchen	1	1	1	0.24	0.24	0.00	0.24	ILLUMINA	PRJNA498485	AMNH	2019-02-28	0.20	20260925	2026-09-25
Lorius lory erythrothorax	1	1	1	0.22	0.22	0.00	0.22	ILLUMINA	PRJNA498485	AMNH	2019-02-28	0.20	20260925	2026-09-25
Lorius lory jobiensis	1	1	1	0.19	0.19	0.00	0.19	ILLUMINA	PRJNA498485	AMNH	2019-02-19	0.20	20260925	2026-09-25
Lorius lory lory	1	1	1	0.25	0.25	0.00	0.25	ILLUMINA	PRJNA498485	AMNH	2019-02-19	0.20	20260925	2026-09-25
Lorius lory salvadorii	2	2	1	0.53	0.53	0.00	0.42	ILLUMINA	PRJNA498485	AMNH	2019-02-19	0.40	20260925	2026-09-25
Lorius lory somu	3	1	1	1.34	1.34	0.00	1.34	ILLUMINA	PRJNA498485	AMNH	2019-02-19	1.10	20260925	2026-09-25
Lorius lory viridicrissalis	3	1	1	1.49	1.49	0.00	1.49	ILLUMINA	PRJNA498485	AMNH	2019-02-19	1.20	20260925	2026-09-25
Melopsittacus undulatus	171	5	5	619.50	537.39	82.11	412.18	ILLUMINA;LS454;PACBIO_SMRT	PRJEB1588;PRJNA1008102;PRJNA498485;PRJNA692616;PRJNA703802	AMNH;DUKE;DUKEUNIVERSITY;G10K;IRIDIAN GENOMES	2013-03-27	343.50	20260925	2026-09-25
Micropsitta bruijnii	1	1	1	18.22	18.22	0.00	18.22	ILLUMINA	PRJNA703712	IRIDIAN GENOMES	2023-08-17	15.20	20260925	2026-09-25
Micropsitta bruijnii rosea	1	1	1	0.27	0.27	0.00	0.27	ILLUMINA	PRJNA692616	AMNH	2023-03-27	0.20	20260925	2026-09-25
Micropsitta finschii	3	3	3	156.23	156.23	0.00	132.71	DNBSEQ;ILLUMINA	PRJNA1307197;PRJNA692616;PRJNA703713	AMNH;IRIDIAN GENOMES;ZHEJIANG UNIVERSITY	2023-03-27	110.60	20260925	2026-09-25
Micropsitta geelvinkiana	1	1	1	22.11	22.11	0.00	22.11	ILLUMINA	PRJNA485635	IRIDIAN GENOMES	2023-05-16	18.40	20260925	2026-09-25
Micropsitta geelvinkiana geelvinkiana	1	1	1	0.85	0.85	0.00	0.85	ILLUMINA	PRJNA692616	AMNH	2023-03-27	0.70	20260925	2026-09-25
Micropsitta keiensis	2	2	2	19.27	19.27	0.00	19.20	ILLUMINA	PRJNA692616;PRJNA703714	AMNH;IRIDIAN GENOMES	2023-03-27	16.00	20260925	2026-09-25
Micropsitta meeki	1	1	1	0.38	0.38	0.00	0.38	ILLUMINA	PRJNA692616	AMNH	2023-03-27	0.30	20260925	2026-09-25
Micropsitta pusio	2	2	2	21.53	21.53	0.00	21.39	ILLUMINA	PRJNA692616;PRJNA703715	AMNH;IRIDIAN GENOMES	2023-03-27	17.80	20260925	2026-09-25
Myiopsitta luchsi	2	2	2	23.59	23.59	0.00	23.38	ILLUMINA	PRJNA692616;PRJNA718315	AMNH;IRIDIAN GENOMES	2023-03-27	19.50	20260925	2026-09-25
Myiopsitta monachus	5	3	2	191.38	111.18	80.20	138.68	ILLUMINA;PACBIO_SMRT	PRJNA528952;PRJNA679636	IRIDIAN GENOMES;UNIVERSITY OF VIENNA	2019-03-25	115.60	20260925	2026-09-25
Myiopsitta monachus monachus	1	1	1	0.20	0.20	0.00	0.20	ILLUMINA	PRJNA692616	AMNH	2023-03-27	0.20	20260925	2026-09-25
Nannopsittaca dachilleae	1	1	1	0.36	0.36	0.00	0.36	ILLUMINA	PRJNA692616	AMNH	2023-03-27	0.30	20260925	2026-09-25
Nannopsittaca panychlora	1	1	1	0.20	0.20	0.00	0.20	ILLUMINA	PRJNA692616	AMNH	2023-03-27	0.20	20260925	2026-09-25
Neophema chrysogaster	49	39	3	1175.48	1097.32	78.16	111.24	DNBSEQ;ILLUMINA;OXFORD_NANOPORE;PACBIO_SMRT	PRJEB86853;PRJNA1140271;PRJNA692616	AMNH;GARVAN INSTITUTE OF MEDICAL RESEARCH, SYDNEY, AUST;THE UNIVERSITY OF SYDNEY	2023-03-27	92.70	20260925	2026-09-25
Neophema chrysostoma	1	1	1	0.21	0.21	0.00	0.21	ILLUMINA	PRJNA692616	AMNH	2023-03-27	0.20	20260925	2026-09-25
Neophema elegans	1	1	1	0.23	0.23	0.00	0.23	ILLUMINA	PRJNA692616	AMNH	2023-03-27	0.20	20260925	2026-09-25
Neophema petrophila	1	1	1	0.14	0.14	0.00	0.14	ILLUMINA	PRJNA692616	AMNH	2023-03-27	0.10	20260925	2026-09-25
Neophema pulchella	1	1	1	0.17	0.17	0.00	0.17	ILLUMINA	PRJNA692616	AMNH	2023-03-27	0.10	20260925	2026-09-25
Neophema splendida	1	1	1	0.14	0.14	0.00	0.14	ILLUMINA	PRJNA692616	AMNH	2023-03-27	0.10	20260925	2026-09-25
Neopsephotus bourkii	2	2	2	70.24	70.24	0.00	70.00	ILLUMINA	PRJNA1022850;PRJNA692616	AGI;AMNH	2023-03-27	58.30	20260925	2026-09-25
Neopsittacus musschenbroekii	1	1	1	0.18	0.18	0.00	0.18	ILLUMINA	PRJNA692616	AMNH	2023-03-27	0.20	20260925	2026-09-25
Neopsittacus musschenbroekii major	3	3	1	0.52	0.52	0.00	0.30	ILLUMINA	PRJNA498485	AMNH	2019-02-19	0.20	20260925	2026-09-25
Neopsittacus musschenbroekii musschenbroekii	1	1	1	0.37	0.37	0.00	0.37	ILLUMINA	PRJNA498485	AMNH	2019-02-19	0.30	20260925	2026-09-25
Neopsittacus pullicauda alpinus	1	1	1	0.36	0.36	0.00	0.36	ILLUMINA	PRJNA498485	AMNH	2019-02-19	0.30	20260925	2026-09-25
Neopsittacus pullicauda pullicauda	2	2	1	1.63	1.63	0.00	1.23	ILLUMINA	PRJNA498485	AMNH	2019-02-19	1.00	20260925	2026-09-25
Nestor meridionalis	1	1	1	0.29	0.29	0.00	0.29	ILLUMINA	PRJNA692616	AMNH	2023-03-27	0.20	20260925	2026-09-25
Nestor notabilis	5	3	3	53.40	53.40	0.00	52.79	ILLUMINA	PRJNA212900;PRJNA480834;PRJNA692616	AMNH;BGI;LOUISIANA STATE UNIVERSITY	2015-07-22	44.00	20260925	2026-09-25
Northiella haematogaster	1	1	1	0.23	0.23	0.00	0.23	ILLUMINA	PRJNA692616	AMNH	2023-03-27	0.20	20260925	2026-09-25
Northiella narethae	1	1	1	0.17	0.17	0.00	0.17	ILLUMINA	PRJNA692616	AMNH	2023-03-27	0.10	20260925	2026-09-25
Nymphicus hollandicus	6	4	4	1093.98	109.59	984.39	1038.57	ILLUMINA;PACBIO_SMRT	PRJNA479577;PRJNA679636;PRJNA692616;PRJNA819251	AMNH;IRIDIAN GENOMES;MAX PLANCK INSTITUTE OF MOLECULAR CELL BIOLOGY AND GENETICS;UNIVERSITY OF VIENNA	2018-07-04	865.50	20260925	2026-09-25
Ognorhynchus icterotis	1	1	1	0.16	0.16	0.00	0.16	ILLUMINA	PRJNA692616	AMNH	2023-03-27	0.10	20260925	2026-09-25
Oreopsittacus arfaki arfaki	3	1	1	0.92	0.92	0.00	0.92	ILLUMINA	PRJNA498485	AMNH	2019-02-19	0.80	20260925	2026-09-25
Oreopsittacus arfaki grandis	1	1	1	0.21	0.21	0.00	0.21	ILLUMINA	PRJNA498485	AMNH	2019-02-28	0.20	20260925	2026-09-25
Oreopsittacus arfaki major	1	1	1	0.34	0.34	0.00	0.34	ILLUMINA	PRJNA498485	AMNH	2019-02-19	0.30	20260925	2026-09-25
Orthopsittaca manilatus	2	2	2	18.62	18.62	0.00	18.17	ILLUMINA	PRJNA479491;PRJNA692616	AMNH;IRIDIAN GENOMES	2021-10-31	15.10	20260925	2026-09-25
Parvipsitta porphyrocephala	2	2	1	1.13	1.13	0.00	0.72	ILLUMINA	PRJNA498485	AMNH	2019-02-21	0.60	20260925	2026-09-25
Parvipsitta pusilla	3	3	1	0.95	0.95	0.00	0.38	ILLUMINA	PRJNA498485	AMNH	2019-02-19	0.30	20260925	2026-09-25
Pezoporus flaviventris	2	2	2	30.23	0.96	29.27	29.27	ILLUMINA;PACBIO_SMRT	PRJNA1036367;PRJNA692616	AGI;AMNH	2023-03-27	24.40	20260925	2026-09-25
Pezoporus occidentalis	23	13	2	1813.41	1813.41	0.00	900.04	ILLUMINA	PRJNA1044171;PRJNA692616	AGI;AMNH	2023-03-27	750.00	20260925	2026-09-25
Pezoporus wallicus	2	2	2	39.53	39.53	0.00	39.28	ILLUMINA	PRJNA692616;PRJNA912258	AGI;AMNH	2023-03-27	32.70	20260925	2026-09-25
Phigys solitarius	2	2	1	0.25	0.25	0.00	0.16	ILLUMINA	PRJNA498485	AMNH	2019-02-19	0.10	20260925	2026-09-25
Pionites leucogaster	2	2	2	35.56	35.56	0.00	35.37	ILLUMINA	PRJNA692616;PRJNA704045	AMNH;IRIDIAN GENOMES	2022-08-13	29.50	20260925	2026-09-25
Pionites melanocephalus	2	2	2	78.76	78.76	0.00	78.54	ILLUMINA	PRJNA692616;PRJNA704046	AMNH;IRIDIAN GENOMES	2022-12-10	65.40	20260925	2026-09-25
Pionopsitta pileata	1	1	1	0.30	0.30	0.00	0.30	ILLUMINA	PRJNA692616	AMNH	2023-03-27	0.20	20260925	2026-09-25
Pionus chalcopterus	1	1	1	0.29	0.29	0.00	0.29	ILLUMINA	PRJNA692616	AMNH	2023-03-27	0.20	20260925	2026-09-25
Pionus fuscus	2	2	2	15.13	15.13	0.00	15.01	ILLUMINA	PRJNA692616;PRJNA703804	AMNH;IRIDIAN GENOMES	2023-03-06	12.50	20260925	2026-09-25
Pionus maximiliani	2	2	2	18.71	18.71	0.00	18.43	ILLUMINA	PRJNA692616;PRJNA703805	AMNH;IRIDIAN GENOMES	2021-04-09	15.40	20260925	2026-09-25
Pionus menstruus	1	1	1	0.14	0.14	0.00	0.14	ILLUMINA	PRJNA692616	AMNH	2025-01-19	0.10	20260925	2026-09-25
Pionus senilis	3	2	2	21.04	21.04	0.00	20.72	ILLUMINA	PRJNA481561;PRJNA692616	AMNH;IRIDIAN GENOMES	2018-07-18	17.30	20260925	2026-09-25
Pionus seniloides	2	2	2	15.64	15.64	0.00	15.42	ILLUMINA	PRJNA692616;PRJNA718754	AMNH;IRIDIAN GENOMES	2023-03-06	12.90	20260925	2026-09-25
Pionus sordidus	1	1	1	0.16	0.16	0.00	0.16	ILLUMINA	PRJNA692616	AMNH	2023-03-27	0.10	20260925	2026-09-25
Pionus tumultuosus	3	2	2	26.61	26.61	0.00	26.42	ILLUMINA	PRJNA692616;PRJNA703808	AMNH;IRIDIAN GENOMES	2023-03-27	22.00	20260925	2026-09-25
Platycercus adscitus	3	3	2	40.84	40.84	0.00	40.40	ILLUMINA	PRJNA692616;PRJNA703705	AMNH;IRIDIAN GENOMES	2022-08-13	33.70	20260925	2026-09-25
Platycercus caledonicus	1	1	1	0.18	0.18	0.00	0.18	ILLUMINA	PRJNA692616	AMNH	2023-03-27	0.20	20260925	2026-09-25
Platycercus elegans	1	1	1	0.20	0.20	0.00	0.20	ILLUMINA	PRJNA692616	AMNH	2023-03-27	0.20	20260925	2026-09-25
Platycercus elegans elegans	1	1	1	66.45	66.45	0.00	66.45	ILLUMINA	PRJNA1214397	HARVARD UNIVERSITY	2025-07-23	55.40	20260925	2026-09-25
Platycercus icterotis	1	1	1	0.33	0.33	0.00	0.33	ILLUMINA	PRJNA692616	AMNH	2023-03-27	0.30	20260925	2026-09-25
Platycercus venustus	1	1	1	0.31	0.31	0.00	0.31	ILLUMINA	PRJNA692616	AMNH	2023-03-27	0.30	20260925	2026-09-25
Poicephalus cryptoxanthus	2	2	2	26.48	26.48	0.00	26.35	ILLUMINA	PRJNA692616;PRJNA703655	AMNH;IRIDIAN GENOMES	2021-11-10	22.00	20260925	2026-09-25
Poicephalus flavifrons	1	1	1	19.97	19.97	0.00	19.97	ILLUMINA	PRJNA509066	IRIDIAN GENOMES	2023-03-06	16.60	20260925	2026-09-25
Poicephalus flavifrons flavifrons	1	1	1	0.02	0.02	0.00	0.02	ILLUMINA	PRJNA692616	AMNH	2023-03-27	0.00	20260925	2026-09-25
Poicephalus fuscicollis	1	1	1	0.32	0.32	0.00	0.32	ILLUMINA	PRJNA692616	AMNH	2023-03-27	0.30	20260925	2026-09-25
Poicephalus gulielmi	4	3	3	198.69	198.69	0.00	168.80	DNBSEQ;ILLUMINA	PRJEB102986;PRJNA675295;PRJNA692616	AMNH;B10K PROJECT;IRIDIAN GENOMES	2020-11-07	140.70	20260925	2026-09-25
Poicephalus meyeri	2	2	2	15.54	15.54	0.00	15.25	ILLUMINA	PRJNA676038;PRJNA692616	AMNH;IRIDIAN GENOMES	2020-11-11	12.70	20260925	2026-09-25
Poicephalus robustus	1	1	1	21.29	21.29	0.00	21.29	ILLUMINA	PRJNA703657	IRIDIAN GENOMES	2021-11-10	17.70	20260925	2026-09-25
Poicephalus robustus suahelicus	1	1	1	1.97	1.97	0.00	1.97	ILLUMINA	PRJNA692616	AMNH	2023-03-27	1.60	20260925	2026-09-25
Poicephalus rueppellii	3	3	3	172.34	172.34	0.00	138.36	DNBSEQ;ILLUMINA	PRJEB102986;PRJNA692616;PRJNA703658	AMNH;B10K PROJECT;IRIDIAN GENOMES	2023-03-27	115.30	20260925	2026-09-25
Poicephalus rufiventris	2	2	2	21.41	21.41	0.00	21.20	ILLUMINA	PRJNA692616;PRJNA703659	AMNH;IRIDIAN GENOMES	2021-11-02	17.70	20260925	2026-09-25
Poicephalus senegalus	2	2	2	31.66	31.66	0.00	31.29	ILLUMINA	PRJNA692616;PRJNA703660	AMNH;IRIDIAN GENOMES	2022-08-13	26.10	20260925	2026-09-25
Polytelis alexandrae	4	4	2	20.04	20.04	0.00	10.70	ILLUMINA	PRJNA1157411;PRJNA692616	AMERICAN MUSEUM OF NATURAL HISTORY;AMNH	2023-03-27	8.90	20260925	2026-09-25
Polytelis anthopeplus	4	4	2	15.09	15.09	0.00	5.11	ILLUMINA	PRJNA1157411;PRJNA692616	AMERICAN MUSEUM OF NATURAL HISTORY;AMNH	2023-03-27	4.30	20260925	2026-09-25
Polytelis swainsonii	4	4	2	20.28	20.28	0.00	11.13	ILLUMINA	PRJNA1157411;PRJNA692616	AMERICAN MUSEUM OF NATURAL HISTORY;AMNH	2023-03-27	9.30	20260925	2026-09-25
Primolius auricollis	3	2	2	54.73	54.73	0.00	54.55	ILLUMINA	PRJNA692616;PRJNA704053	AMNH;IRIDIAN GENOMES	2021-10-31	45.50	20260925	2026-09-25
Primolius couloni	2	2	2	27.02	27.02	0.00	26.83	ILLUMINA	PRJNA692616;PRJNA733807	AMNH;IRIDIAN GENOMES	2021-11-01	22.40	20260925	2026-09-25
Primolius maracana	3	2	2	88.67	88.67	0.00	88.36	ILLUMINA	PRJNA692616;PRJNA704055	AMNH;IRIDIAN GENOMES	2021-11-01	73.60	20260925	2026-09-25
Prioniturus discurus	2	2	1	1.08	1.08	0.00	0.77	ILLUMINA	PRJNA692616	AMNH	2023-03-27	0.60	20260925	2026-09-25
Prioniturus flavicans	1	1	1	0.52	0.52	0.00	0.52	ILLUMINA	PRJNA692616	AMNH	2023-03-27	0.40	20260925	2026-09-25
Prioniturus luconensis	1	1	1	0.35	0.35	0.00	0.35	ILLUMINA	PRJNA692616	AMNH	2023-03-27	0.30	20260925	2026-09-25
Prioniturus mada	1	1	1	0.63	0.63	0.00	0.63	ILLUMINA	PRJNA692616	AMNH	2023-03-27	0.50	20260925	2026-09-25
Prioniturus montanus	1	1	1	0.24	0.24	0.00	0.24	ILLUMINA	PRJNA692616	AMNH	2023-03-27	0.20	20260925	2026-09-25
Prioniturus platenae	1	1	1	0.68	0.68	0.00	0.68	ILLUMINA	PRJNA692616	AMNH	2023-03-27	0.60	20260925	2026-09-25
Prioniturus platurus	1	1	1	0.78	0.78	0.00	0.78	ILLUMINA	PRJNA692616	AMNH	2023-03-27	0.70	20260925	2026-09-25
Prioniturus verticalis	1	1	1	0.39	0.39	0.00	0.39	ILLUMINA	PRJNA692616	AMNH	2023-03-27	0.30	20260925	2026-09-25
Prioniturus waterstradti	1	1	1	0.46	0.46	0.00	0.46	ILLUMINA	PRJNA692616	AMNH	2023-03-27	0.40	20260925	2026-09-25
Probosciger aterrimus	23	14	4	304.82	304.82	0.00	108.24	ILLUMINA	PRJNA1074783;PRJNA545868;PRJNA675140;PRJNA692616	AMNH;B10K CONSORTIUM;IRIDIAN GENOMES;MUSEUM NATIONAL D'HISTOIRE NATURELLE	2020-03-31	90.20	20260925	2026-09-25
Probosciger aterrimus aterrimus	22	22	1	292.62	292.62	0.00	16.27	ILLUMINA	PRJNA1074783	MUSEUM NATIONAL D'HISTOIRE NATURELLE	2025-06-30	13.60	20260925	2026-09-25
Probosciger aterrimus goliath	18	18	1	224.29	224.29	0.00	15.39	ILLUMINA	PRJNA1074783	MUSEUM NATIONAL D'HISTOIRE NATURELLE	2025-06-30	12.80	20260925	2026-09-25
Prosopeia personata	2	2	2	81.21	81.21	0.00	80.95	DNBSEQ;ILLUMINA	PRJNA1307197;PRJNA692616	AMNH;ZHEJIANG UNIVERSITY	2023-03-27	67.50	20260925	2026-09-25
Prosopeia splendens	1	1	1	0.12	0.12	0.00	0.12	ILLUMINA	PRJNA692616	AMNH	2023-03-27	0.10	20260925	2026-09-25
Prosopeia tabuensis	1	1	1	0.35	0.35	0.00	0.35	ILLUMINA	PRJNA692616	AMNH	2023-03-27	0.30	20260925	2026-09-25
Psephotellus dissimilis	1	1	1	0.23	0.23	0.00	0.23	ILLUMINA	PRJNA692616	AMNH	2023-03-27	0.20	20260925	2026-09-25
Psephotellus pulcherrimus	3	3	3	96.96	96.96	0.00	95.26	ILLUMINA	PRJNA312568;PRJNA530123;PRJNA692616	AMNH;SWEDISH MUSEUM OF NATURAL HISTORY;UNIVERSITY OF OSLO	2016-10-29	79.40	20260925	2026-09-25
Psephotellus varius	23	23	2	59.98	59.98	0.00	4.42	ILLUMINA	PRJNA415089;PRJNA692616	AMNH;CSIRO	2018-01-31	3.70	20260925	2026-09-25
Psephotus haematonotus	2	2	2	24.34	24.34	0.00	24.12	ILLUMINA	PRJNA692616;PRJNA704064	AMNH;IRIDIAN GENOMES	2021-10-16	20.10	20260925	2026-09-25
Pseudeos cardinalis	3	3	1	0.92	0.92	0.00	0.76	ILLUMINA	PRJNA498485	AMNH	2019-02-19	0.60	20260925	2026-09-25
Pseudeos fuscata	58	57	1	1102.54	1082.49	20.05	43.66	ILLUMINA;PACBIO_SMRT	PRJNA986688	CIBIO/BIOPOLIS	2024-11-12	36.40	20260925	2026-09-25
Pseudeos fuscata incondita	3	3	1	0.73	0.73	0.00	0.31	ILLUMINA	PRJNA498485	AMNH	2019-02-19	0.30	20260925	2026-09-25
Psilopsiagon aurifrons	2	2	2	38.07	38.07	0.00	37.88	ILLUMINA	PRJNA692616;PRJNA704000	AMNH;IRIDIAN GENOMES	2022-08-13	31.60	20260925	2026-09-25
Psilopsiagon aymara	2	2	2	29.91	29.91	0.00	29.57	ILLUMINA	PRJNA692616;PRJNA704001	AMNH;IRIDIAN GENOMES	2022-07-26	24.60	20260925	2026-09-25
Psittacara brevipes	1	1	1	0.52	0.52	0.00	0.52	ILLUMINA	PRJNA692616	AMNH	2023-03-27	0.40	20260925	2026-09-25
Psittacara chloropterus	1	1	1	19.55	19.55	0.00	19.55	ILLUMINA	PRJNA703663	IRIDIAN GENOMES	2021-11-01	16.30	20260925	2026-09-25
Psittacara erythrogenys	3	3	3	176.35	176.35	0.00	139.59	DNBSEQ;ILLUMINA	PRJEB102986;PRJNA692616;PRJNA703664	AMNH;B10K PROJECT;IRIDIAN GENOMES	2023-03-27	116.30	20260925	2026-09-25
Psittacara euops	1	1	1	1.44	1.44	0.00	1.44	ILLUMINA	PRJNA692616	AMNH	2023-03-27	1.20	20260925	2026-09-25
Psittacara finschi	3	3	3	128.19	128.19	0.00	107.53	DNBSEQ;ILLUMINA	PRJEB102986;PRJNA692616;PRJNA703665	AMNH;B10K PROJECT;IRIDIAN GENOMES	2023-03-27	89.60	20260925	2026-09-25
Psittacara holochlorus	3	3	2	44.14	44.14	0.00	43.74	ILLUMINA	PRJNA692616;PRJNA703666	AMNH;IRIDIAN GENOMES	2021-10-06	36.40	20260925	2026-09-25
Psittacara leucophthalmus	2	2	2	25.16	25.16	0.00	24.91	ILLUMINA	PRJNA692616;PRJNA703667	AMNH;IRIDIAN GENOMES	2021-11-02	20.80	20260925	2026-09-25
Psittacara mitratus	2	2	2	20.62	20.62	0.00	20.34	ILLUMINA	PRJNA692616;PRJNA703668	AMNH;IRIDIAN GENOMES	2021-11-06	17.00	20260925	2026-09-25
Psittacara rubritorquis	2	2	2	17.61	17.61	0.00	17.36	ILLUMINA	PRJNA692616;PRJNA703670	AMNH;IRIDIAN GENOMES	2023-03-27	14.50	20260925	2026-09-25
Psittacara wagleri	2	2	2	28.57	28.57	0.00	28.37	ILLUMINA	PRJNA692616;PRJNA703671	AMNH;IRIDIAN GENOMES	2021-11-05	23.60	20260925	2026-09-25
Psittacella brehmii	1	1	1	0.12	0.12	0.00	0.12	ILLUMINA	PRJNA692616	AMNH	2023-03-27	0.10	20260925	2026-09-25
Psittacella madaraszi	1	1	1	0.26	0.26	0.00	0.26	ILLUMINA	PRJNA692616	AMNH	2023-03-27	0.20	20260925	2026-09-25
Psittacella modesta subcollaris	1	1	1	0.38	0.38	0.00	0.38	ILLUMINA	PRJNA692616	AMNH	2023-03-27	0.30	20260925	2026-09-25
Psittacella picta	1	1	1	0.52	0.52	0.00	0.52	ILLUMINA	PRJNA692616	AMNH	2023-03-27	0.40	20260925	2026-09-25
Psittacula alexandri	2	2	2	0.55	0.55	0.00	0.41	ILLUMINA	PRJNA480834;PRJNA692616	AMNH;LOUISIANA STATE UNIVERSITY	2018-11-21	0.30	20260925	2026-09-25
Psittacula calthrapae	1	1	1	0.40	0.40	0.00	0.40	ILLUMINA	PRJNA692616	AMNH	2023-03-27	0.30	20260925	2026-09-25
Psittacula caniceps	1	1	1	0.46	0.46	0.00	0.46	ILLUMINA	PRJNA692616	AMNH	2023-03-27	0.40	20260925	2026-09-25
Psittacula columboides	2	2	2	29.40	29.40	0.00	29.04	ILLUMINA	PRJNA692616;PRJNA703615	AMNH;IRIDIAN GENOMES	2023-03-06	24.20	20260925	2026-09-25
Psittacula cyanocephala	3	2	2	41.12	41.12	0.00	40.88	ILLUMINA	PRJNA692616;PRJNA703616	AMNH;IRIDIAN GENOMES	2021-04-09	34.10	20260925	2026-09-25
Psittacula derbiana	2	2	2	59.57	59.57	0.00	59.28	ILLUMINA	PRJNA692616;PRJNA703617	AMNH;IRIDIAN GENOMES	2022-12-10	49.40	20260925	2026-09-25
Psittacula echo	12	10	3	224.06	128.57	95.49	95.49	ABI_SOLID;ILLUMINA;OXFORD_NANOPORE;PACBIO_SMRT	PRJEB64767;PRJNA692616;PRJNA994424	AMNH;SNEHIL MEHTA;WELLCOME SANGER INSTITUTE	2023-07-14	79.60	20260925	2026-09-25
Psittacula eupatria	2	2	2	36.24	36.24	0.00	35.95	ILLUMINA	PRJNA692616;PRJNA703620	AMNH;IRIDIAN GENOMES	2023-03-27	30.00	20260925	2026-09-25
Psittacula finschii	1	1	1	0.61	0.61	0.00	0.61	ILLUMINA	PRJNA692616	AMNH	2023-03-27	0.50	20260925	2026-09-25
Psittacula himalayana	1	1	1	17.47	17.47	0.00	17.47	ILLUMINA	PRJNA703622	IRIDIAN GENOMES	2023-03-06	14.60	20260925	2026-09-25
Psittacula himalayana himalayana	1	1	1	0.09	0.09	0.00	0.09	ILLUMINA	PRJNA692616	AMNH	2023-03-27	0.10	20260925	2026-09-25
Psittacula krameri	2	2	2	0.16	0.16	0.00	0.16	ILLUMINA;OXFORD_NANOPORE	PRJEB121289;PRJNA692616	AMNH;WELLCOME SANGER INSTITUTE	2023-03-27	0.10	20260925	2026-09-25
Psittacula longicauda	2	2	2	25.00	25.00	0.00	24.82	ILLUMINA	PRJNA692616;PRJNA703624	AMNH;IRIDIAN GENOMES	2023-03-27	20.70	20260925	2026-09-25
Psittacula roseata	1	1	1	17.61	17.61	0.00	17.61	ILLUMINA	PRJNA703625	IRIDIAN GENOMES	2023-05-16	14.70	20260925	2026-09-25
Psittacula roseata juneae	1	1	1	1.62	1.62	0.00	1.62	ILLUMINA	PRJNA692616	AMNH	2023-03-27	1.30	20260925	2026-09-25
Psittaculirostris desmarestii	1	1	1	0.22	0.22	0.00	0.22	ILLUMINA	PRJNA692616	AMNH	2023-03-27	0.20	20260925	2026-09-25
Psittaculirostris edwardsii	2	2	2	0.35	0.35	0.00	0.31	ILLUMINA	PRJNA498485;PRJNA692616	AMNH	2019-02-19	0.30	20260925	2026-09-25
Psittaculirostris salvadorii	1	1	1	0.27	0.27	0.00	0.27	ILLUMINA	PRJNA692616	AMNH	2023-03-27	0.20	20260925	2026-09-25
Psittacus erithacus	4	3	3	27.27	27.27	0.00	26.77	ILLUMINA	PRJNA480834;PRJNA551771;PRJNA692616	AMNH;IRIDIAN GENOMES;LOUISIANA STATE UNIVERSITY	2018-11-21	22.30	20260925	2026-09-25
Psittacus timneh	5	3	3	177.46	58.39	119.07	119.07	ILLUMINA;OXFORD_NANOPORE	PRJEB120752;PRJNA547942;PRJNA692616	AMNH;IRIDIAN GENOMES;UNIVERSITY OF CONNECTICUT	2019-06-29	99.20	20260925	2026-09-25
Psitteuteles goldiei	4	3	2	21.91	21.91	0.00	20.77	ILLUMINA	PRJNA497076;PRJNA498485	AMNH;IRIDIAN GENOMES	2018-10-16	17.30	20260925	2026-09-25
Psitteuteles iris iris	1	1	1	0.59	0.59	0.00	0.59	ILLUMINA	PRJNA498485	AMNH	2019-02-19	0.50	20260925	2026-09-25
Psitteuteles iris wetterensis	1	1	1	0.16	0.16	0.00	0.16	ILLUMINA	PRJNA498485	AMNH	2019-02-19	0.10	20260925	2026-09-25
Psitteuteles versicolor	2	2	1	0.62	0.62	0.00	0.40	ILLUMINA	PRJNA498485	AMNH	2019-02-19	0.30	20260925	2026-09-25
Psittinus cyanurus	1	1	1	0.39	0.39	0.00	0.39	ILLUMINA	PRJNA692616	AMNH	2023-03-27	0.30	20260925	2026-09-25
Psittrichas fulgidus	6	4	4	358.35	358.35	0.00	119.38	DNBSEQ;ILLUMINA	PRJDB41857;PRJEB102986;PRJNA1307197;PRJNA692616	AMNH;B10K PROJECT;JIANGSU COLLABORATIVE INNOVATION CENTER FOR SOLID ;ZHEJIANG UNIVERSITY	2023-03-27	99.50	20260925	2026-09-25
Purpureicephalus spurius	1	1	1	0.30	0.30	0.00	0.30	ILLUMINA	PRJNA692616	AMNH	2023-03-27	0.20	20260925	2026-09-25
Pyrilia aurantiocephala	1	1	1	0.23	0.23	0.00	0.23	ILLUMINA	PRJNA692616	AMNH	2023-03-27	0.20	20260925	2026-09-25
Pyrilia barrabandi	1	1	1	0.12	0.12	0.00	0.12	ILLUMINA	PRJNA692616	AMNH	2023-03-27	0.10	20260925	2026-09-25
Pyrilia caica	1	1	1	0.27	0.27	0.00	0.27	ILLUMINA	PRJNA692616	AMNH	2023-03-27	0.20	20260925	2026-09-25
Pyrilia haematotis	1	1	1	0.20	0.20	0.00	0.20	ILLUMINA	PRJNA692616	AMNH	2023-03-27	0.20	20260925	2026-09-25
Pyrilia pulchra	1	1	1	1.73	1.73	0.00	1.73	ILLUMINA	PRJNA692616	AMNH	2023-03-27	1.40	20260925	2026-09-25
Pyrilia pyrilia	1	1	1	0.61	0.61	0.00	0.61	ILLUMINA	PRJNA692616	AMNH	2023-03-27	0.50	20260925	2026-09-25
Pyrilia vulturina	1	1	1	0.45	0.45	0.00	0.45	ILLUMINA	PRJNA692616	AMNH	2023-03-27	0.40	20260925	2026-09-25
Pyrrhura albipectus	3	3	2	23.06	23.06	0.00	22.56	ILLUMINA	PRJNA692616;PRJNA703575	AMNH;IRIDIAN GENOMES	2021-06-08	18.80	20260925	2026-09-25
Pyrrhura amazonum	3	3	2	24.72	24.72	0.00	23.92	ILLUMINA	PRJNA692616;PRJNA703576	AMNH;IRIDIAN GENOMES	2021-07-23	19.90	20260925	2026-09-25
Pyrrhura berlepschi	1	1	1	20.09	20.09	0.00	20.09	ILLUMINA	PRJNA491351	IRIDIAN GENOMES	2023-03-06	16.70	20260925	2026-09-25
Pyrrhura caeruleiceps	1	1	1	0.51	0.51	0.00	0.51	ILLUMINA	PRJNA692616	AMNH	2023-03-27	0.40	20260925	2026-09-25
Pyrrhura calliptera	1	1	1	0.66	0.66	0.00	0.66	ILLUMINA	PRJNA692616	AMNH	2023-03-27	0.60	20260925	2026-09-25
Pyrrhura chapmani	1	1	1	40.03	40.03	0.00	40.03	ILLUMINA	PRJNA807740	IRIDIAN GENOMES	2022-08-06	33.40	20260925	2026-09-25
Pyrrhura cruentata	3	2	2	21.52	21.52	0.00	21.18	ILLUMINA	PRJNA481551;PRJNA692616	AMNH;IRIDIAN GENOMES	2018-07-18	17.70	20260925	2026-09-25
Pyrrhura devillei	2	2	2	22.85	22.85	0.00	22.57	ILLUMINA	PRJNA491342;PRJNA692616	AMNH;IRIDIAN GENOMES	2023-03-27	18.80	20260925	2026-09-25
Pyrrhura egregia	2	2	2	24.24	24.24	0.00	23.83	ILLUMINA	PRJNA692616;PRJNA703578	AMNH;IRIDIAN GENOMES	2021-06-08	19.90	20260925	2026-09-25
Pyrrhura eisenmanni	2	2	2	22.83	22.83	0.00	22.58	ILLUMINA	PRJNA692616;PRJNA719564	AMNH;IRIDIAN GENOMES	2023-03-06	18.80	20260925	2026-09-25
Pyrrhura emma	2	2	2	16.49	16.49	0.00	15.74	ILLUMINA	PRJNA692616;PRJNA718316	AMNH;IRIDIAN GENOMES	2023-02-03	13.10	20260925	2026-09-25
Pyrrhura frontalis	2	2	2	1.22	1.22	0.00	1.11	ILLUMINA	PRJNA481541;PRJNA692616	AMNH;IRIDIAN GENOMES	2020-06-17	0.90	20260925	2026-09-25
Pyrrhura griseipectus	3	2	2	27.68	27.68	0.00	26.95	ILLUMINA	PRJNA598107;PRJNA692616	AMNH;IRIDIAN GENOMES	2018-07-17	22.50	20260925	2026-09-25
Pyrrhura hoematotis	2	2	2	38.97	38.97	0.00	38.11	ILLUMINA	PRJNA491344;PRJNA692616	AMNH;IRIDIAN GENOMES	2021-10-06	31.80	20260925	2026-09-25
Pyrrhura hoffmanni	2	2	2	21.15	21.15	0.00	21.05	ILLUMINA	PRJNA692616;PRJNA703579	AMNH;IRIDIAN GENOMES	2021-06-08	17.50	20260925	2026-09-25
Pyrrhura lepida	5	3	2	81.34	81.34	0.00	58.19	ILLUMINA	PRJNA481549;PRJNA692616	AMNH;IRIDIAN GENOMES	2018-07-17	48.50	20260925	2026-09-25
Pyrrhura leucotis	2	2	1	50.57	50.57	0.00	32.65	ILLUMINA	PRJNA703580	IRIDIAN GENOMES	2023-02-03	27.20	20260925	2026-09-25
Pyrrhura leucotis leucotis	1	1	1	0.37	0.37	0.00	0.37	ILLUMINA	PRJNA692616	AMNH	2023-03-27	0.30	20260925	2026-09-25
Pyrrhura lucianii	2	2	2	37.61	37.61	0.00	37.08	ILLUMINA	PRJNA692616;PRJNA845982	AMNH;IRIDIAN GENOMES	2021-10-06	30.90	20260925	2026-09-25
Pyrrhura melanura	2	2	2	23.48	23.48	0.00	23.18	ILLUMINA	PRJNA692616;PRJNA703582	AMNH;IRIDIAN GENOMES	2021-07-23	19.30	20260925	2026-09-25
Pyrrhura molinae	2	1	1	21.30	21.30	0.00	21.30	ILLUMINA	PRJNA481548	IRIDIAN GENOMES	2018-07-17	17.80	20260925	2026-09-25
Pyrrhura molinae molinae	1	1	1	0.19	0.19	0.00	0.19	ILLUMINA	PRJNA692616	AMNH	2023-03-27	0.20	20260925	2026-09-25
Pyrrhura orcesi	4	4	4	217.16	217.16	0.00	193.07	DNBSEQ;ILLUMINA;OXFORD_NANOPORE	PRJEB102986;PRJEB105196;PRJNA692616;PRJNA703583	AMNH;B10K PROJECT;IRIDIAN GENOMES;UNIVERSITY OF CONNECTICUT	2021-06-08	160.90	20260925	2026-09-25
Pyrrhura perlata	2	1	1	21.17	21.17	0.00	21.17	ILLUMINA	PRJNA481550	IRIDIAN GENOMES	2018-07-17	17.60	20260925	2026-09-25
Pyrrhura pfrimeri	1	1	1	15.68	15.68	0.00	15.68	ILLUMINA	PRJNA703584	IRIDIAN GENOMES	2023-02-03	13.10	20260925	2026-09-25
Pyrrhura picta	3	3	2	21.54	21.54	0.00	21.27	ILLUMINA	PRJNA692616;PRJNA703585	AMNH;IRIDIAN GENOMES	2021-07-23	17.70	20260925	2026-09-25
Pyrrhura rhodocephala	2	2	2	17.98	17.98	0.00	15.59	ILLUMINA	PRJNA692616;PRJNA703586	AMNH;IRIDIAN GENOMES	2023-02-03	13.00	20260925	2026-09-25
Pyrrhura rhodogaster	1	1	1	0.29	0.29	0.00	0.29	ILLUMINA	PRJNA692616	AMNH	2023-03-27	0.20	20260925	2026-09-25
Pyrrhura roseifrons	1	1	1	28.14	28.14	0.00	28.14	ILLUMINA	PRJNA703587	IRIDIAN GENOMES	2021-05-19	23.40	20260925	2026-09-25
Pyrrhura rupicola	1	1	1	0.26	0.26	0.00	0.26	ILLUMINA	PRJNA692616	AMNH	2023-03-27	0.20	20260925	2026-09-25
Pyrrhura sp.	1	1	1	0.24	0.24	0.00	0.24	ILLUMINA	PRJNA692616	AMNH	2023-03-27	0.20	20260925	2026-09-25
Pyrrhura subandina	2	2	2	16.45	16.45	0.00	16.19	ILLUMINA	PRJNA491348;PRJNA692616	AMNH;IRIDIAN GENOMES	2023-03-06	13.50	20260925	2026-09-25
Pyrrhura viridicata	2	2	2	13.70	13.70	0.00	13.17	ILLUMINA	PRJNA491343;PRJNA692616	AMNH;IRIDIAN GENOMES	2023-02-03	11.00	20260925	2026-09-25
Rhynchopsitta pachyrhyncha	5	4	3	128.72	30.46	98.26	98.26	ILLUMINA;OXFORD_NANOPORE	PRJEB120750;PRJNA640357;PRJNA692616	AMNH;IRIDIAN GENOMES;UNIVERSITY OF CONNECTICUT	2020-09-01	81.90	20260925	2026-09-25
Rhynchopsitta terrisi	1	1	1	3.20	3.20	0.00	3.20	ILLUMINA	PRJNA692616	AMNH	2023-03-27	2.70	20260925	2026-09-25
Saudareos flavoviridis	1	1	1	0.25	0.25	0.00	0.25	ILLUMINA	PRJNA498485	AMNH	2019-02-19	0.20	20260925	2026-09-25
Saudareos iris	2	2	1	0.94	0.94	0.00	0.50	ILLUMINA	PRJNA498485	AMNH	2019-02-19	0.40	20260925	2026-09-25
Saudareos meyeri	2	2	1	1.40	1.40	0.00	0.94	ILLUMINA	PRJNA498485	AMNH	2019-02-19	0.80	20260925	2026-09-25
Saudareos ornata	2	2	1	0.94	0.94	0.00	0.59	ILLUMINA	PRJNA498485	AMNH	2019-02-28	0.50	20260925	2026-09-25
Strigops habroptila	343	133	5	580.60	481.08	99.52	191.96	ILLUMINA;PACBIO_SMRT	PRJEB25924;PRJEB35522;PRJNA1005977;PRJNA480834;PRJNA692616	AMNH;G10K;LOUISIANA STATE UNIVERSITY;SWEDISH MUSEUM OF NATURAL HISTORY	2018-04-13	160.00	20260925	2026-09-25
Tanygnathus lucionensis	1	1	1	0.10	0.10	0.00	0.10	ILLUMINA	PRJNA692616	AMNH	2023-03-27	0.10	20260925	2026-09-25
Tanygnathus megalorynchos	1	1	1	0.18	0.18	0.00	0.18	ILLUMINA	PRJNA692616	AMNH	2023-03-27	0.20	20260925	2026-09-25
Tanygnathus sumatranus	1	1	1	0.62	0.62	0.00	0.62	ILLUMINA	PRJNA692616	AMNH	2023-03-27	0.50	20260925	2026-09-25
Thectocercus acuticaudatus	1	1	1	27.55	27.55	0.00	27.55	ILLUMINA	PRJNA479498	IRIDIAN GENOMES	2021-11-05	23.00	20260925	2026-09-25
Thectocercus acuticaudatus acuticaudatus	2	2	1	0.51	0.51	0.00	0.30	ILLUMINA	PRJNA692616	AMNH	2023-03-27	0.20	20260925	2026-09-25
Touit batavicus	2	2	2	27.34	27.34	0.00	27.14	ILLUMINA	PRJNA692616;PRJNA703686	AMNH;IRIDIAN GENOMES	2023-03-27	22.60	20260925	2026-09-25
Touit costaricensis	2	2	2	25.12	25.12	0.00	25.03	ILLUMINA	PRJNA491352;PRJNA692616	AMNH;IRIDIAN GENOMES	2023-03-27	20.90	20260925	2026-09-25
Touit dilectissimus	1	1	1	0.18	0.18	0.00	0.18	ILLUMINA	PRJNA692616	AMNH	2023-03-27	0.20	20260925	2026-09-25
Touit huetii	2	2	2	28.86	28.86	0.00	28.59	ILLUMINA	PRJNA556186;PRJNA692616	AMNH;IRIDIAN GENOMES	2023-03-27	23.80	20260925	2026-09-25
Touit melanonotus	1	1	1	0.09	0.09	0.00	0.09	ILLUMINA	PRJNA692616	AMNH	2023-03-27	0.10	20260925	2026-09-25
Touit purpuratus	2	2	2	33.18	33.18	0.00	32.88	ILLUMINA	PRJNA692616;PRJNA703687	AMNH;IRIDIAN GENOMES	2023-03-27	27.40	20260925	2026-09-25
Touit surdus	2	2	1	0.99	0.99	0.00	0.84	ILLUMINA	PRJNA692616	AMNH	2023-03-27	0.70	20260925	2026-09-25
Trichoglossus capistratus capistratus	1	1	1	0.37	0.37	0.00	0.37	ILLUMINA	PRJNA498485	AMNH	2019-02-19	0.30	20260925	2026-09-25
Trichoglossus capistratus fortis	3	1	1	1.97	1.97	0.00	1.97	ILLUMINA	PRJNA498485	AMNH	2019-02-19	1.60	20260925	2026-09-25
Trichoglossus chlorolepidotus	2	2	2	39.15	39.15	0.00	38.81	ILLUMINA	PRJNA498485;PRJNA703641	AMNH;IRIDIAN GENOMES	2019-02-28	32.30	20260925	2026-09-25
Trichoglossus euteles	2	2	2	26.31	26.31	0.00	25.92	ILLUMINA	PRJNA498485;PRJNA703642	AMNH;IRIDIAN GENOMES	2019-03-01	21.60	20260925	2026-09-25
Trichoglossus forsteni forsteni	3	1	1	0.97	0.97	0.00	0.97	ILLUMINA	PRJNA498485	AMNH	2019-02-19	0.80	20260925	2026-09-25
Trichoglossus forsteni mitchellii	1	1	1	0.71	0.71	0.00	0.71	ILLUMINA	PRJNA498485	AMNH	2019-02-19	0.60	20260925	2026-09-25
Trichoglossus forsteni stresemanni	3	1	1	0.78	0.78	0.00	0.78	ILLUMINA	PRJNA498485	AMNH	2019-02-19	0.70	20260925	2026-09-25
Trichoglossus haematodus	3	3	2	29.64	29.64	0.00	26.31	ILLUMINA	PRJNA498485;PRJNA703645	AMNH;IRIDIAN GENOMES	2019-02-19	21.90	20260925	2026-09-25
Trichoglossus haematodus caeruleiceps	1	1	1	0.12	0.12	0.00	0.12	ILLUMINA	PRJNA498485	AMNH	2019-02-19	0.10	20260925	2026-09-25
Trichoglossus haematodus deplanchii	1	1	1	0.12	0.12	0.00	0.12	ILLUMINA	PRJNA498485	AMNH	2019-02-19	0.10	20260925	2026-09-25
Trichoglossus haematodus djampeanus	3	1	1	0.71	0.71	0.00	0.71	ILLUMINA	PRJNA498485	AMNH	2019-02-19	0.60	20260925	2026-09-25
Trichoglossus haematodus flavicans	3	1	1	0.73	0.73	0.00	0.73	ILLUMINA	PRJNA498485	AMNH	2019-02-19	0.60	20260925	2026-09-25
Trichoglossus haematodus flavotectus	3	1	1	1.09	1.09	0.00	1.09	ILLUMINA	PRJNA498485	AMNH	2019-02-19	0.90	20260925	2026-09-25
Trichoglossus haematodus haematodus	2	2	1	0.88	0.88	0.00	0.46	ILLUMINA	PRJNA498485	AMNH	2019-02-19	0.40	20260925	2026-09-25
Trichoglossus haematodus masena	1	1	1	0.48	0.48	0.00	0.48	ILLUMINA	PRJNA498485	AMNH	2019-02-28	0.40	20260925	2026-09-25
Trichoglossus haematodus massena	2	2	1	0.72	0.72	0.00	0.53	ILLUMINA	PRJNA498485	AMNH	2019-02-19	0.40	20260925	2026-09-25
Trichoglossus haematodus micropteryx	1	1	1	0.27	0.27	0.00	0.27	ILLUMINA	PRJNA498485	AMNH	2019-02-19	0.20	20260925	2026-09-25
Trichoglossus haematodus nesophilus	1	1	1	0.30	0.30	0.00	0.30	ILLUMINA	PRJNA498485	AMNH	2019-02-19	0.30	20260925	2026-09-25
Trichoglossus haematodus nigrogularis	1	1	1	0.19	0.19	0.00	0.19	ILLUMINA	PRJNA498485	AMNH	2019-02-19	0.20	20260925	2026-09-25
Trichoglossus johnstoniae	3	3	2	17.19	17.19	0.00	16.71	ILLUMINA	PRJNA498485;PRJNA703647	AMNH;IRIDIAN GENOMES	2019-02-19	13.90	20260925	2026-09-25
Trichoglossus moluccanus	3	3	2	21.92	21.92	0.00	20.93	ILLUMINA	PRJNA498485;PRJNA703648	AMNH;IRIDIAN GENOMES	2019-02-19	17.40	20260925	2026-09-25
Trichoglossus rosenbergii	1	1	1	0.37	0.37	0.00	0.37	ILLUMINA	PRJNA498485	AMNH	2019-02-19	0.30	20260925	2026-09-25
Trichoglossus rubiginosus	5	4	2	93.77	93.77	0.00	92.19	ILLUMINA	PRJNA480485;PRJNA498485	AMNH;IRIDIAN GENOMES	2019-02-19	76.80	20260925	2026-09-25
Trichoglossus rubritorquis	1	1	1	0.37	0.37	0.00	0.37	ILLUMINA	PRJNA498485	AMNH	2019-02-28	0.30	20260925	2026-09-25
Trichoglossus weberi	1	1	1	0.67	0.67	0.00	0.67	ILLUMINA	PRJNA498485	AMNH	2019-02-19	0.60	20260925	2026-09-25
Triclaria malachitacea	2	2	2	33.47	33.47	0.00	33.29	ILLUMINA	PRJNA692616;PRJNA703634	AMNH;IRIDIAN GENOMES	2023-03-27	27.70	20260925	2026-09-25
Vini australis	2	2	1	0.47	0.47	0.00	0.30	ILLUMINA	PRJNA498485	AMNH	2019-02-28	0.20	20260925	2026-09-25
Vini kuhlii	4	2	1	0.96	0.96	0.00	0.62	ILLUMINA	PRJNA498485	AMNH	2019-02-19	0.50	20260925	2026-09-25
Vini peruviana	2	2	1	1.57	1.57	0.00	0.93	ILLUMINA	PRJNA498485	AMNH	2019-02-19	0.80	20260925	2026-09-25
Vini stepheni	2	2	1	0.99	0.99	0.00	0.79	ILLUMINA	PRJNA498485	AMNH	2019-02-28	0.70	20260925	2026-09-25
Vini ultramarina	2	2	1	0.86	0.86	0.00	0.58	ILLUMINA	PRJNA498485	AMNH	2019-02-19	0.50	20260925	2026-09-25
Zanda baudinii	1	1	1	0.24	0.24	0.00	0.24	ILLUMINA	PRJNA692616	AMNH	2023-03-27	0.20	20260925	2026-09-25
Zanda funerea	2	2	2	30.82	30.82	0.00	30.54	ILLUMINA	PRJNA692616;PRJNA718285	AMNH;IRIDIAN GENOMES	2023-03-27	25.40	20260925	2026-09-25
Zanda latirostris	1	1	1	0.13	0.13	0.00	0.13	ILLUMINA	PRJNA692616	AMNH	2023-03-27	0.10	20260925	2026-09-25
